draw_no,draw_date,main,supp,powerball,source
533,1986-08-30,6 7 9 14 20 30,26 35,,archive
535,1986-09-06,1 3 10 34 39 45,14 42,,archive
537,1986-09-13,5 8 14 16 21 28,3 20,,archive
539,1986-09-20,3 21 37 40 43 44,36 45,,archive
541,1986-09-27,2 11 21 27 35 37,20 30,,archive
543,1986-10-04,10 12 18 19 24 27,31 32,,archive
545,1986-10-11,8 9 13 19 28 30,23 39,,archive
547,1986-10-18,11 21 22 28 30 37,23 34,,archive
549,1986-10-25,8 18 23 24 41 44,22 43,,archive
551,1986-11-01,1 3 4 27 29 41,23 28,,archive
553,1986-11-08,9 16 22 33 34 37,26 41,,archive
555,1986-11-15,4 12 27 28 29 30,8 38,,archive
557,1986-11-22,7 15 19 21 25 41,5 39,,archive
559,1986-11-29,8 18 19 25 26 29,23 34,,archive
561,1986-12-06,5 7 10 26 29 32,6 36,,archive
563,1986-12-13,2 4 7 19 25 27,34 36,,archive
565,1986-12-20,2 10 14 22 23 34,41 45,,archive
567,1986-12-27,1 8 16 31 40 43,3 17,,archive
569,1987-01-03,3 8 15 16 23 25,10 31,,archive
571,1987-01-10,5 24 31 36 40 44,4 33,,archive
573,1987-01-17,3 9 20 29 36 44,10 45,,archive
575,1987-01-24,18 21 24 25 26 44,8 34,,archive
577,1987-01-31,2 8 12 15 22 35,41 43,,archive
579,1987-02-07,4 9 28 32 35 39,5 15,,archive
581,1987-02-14,18 19 20 29 32 40,10 15,,archive
583,1987-02-21,14 16 29 41 42 43,8 27,,archive
585,1987-02-28,2 6 27 35 41 44,23 32,,archive
587,1987-03-07,7 9 11 20 28 36,37 40,,archive
589,1987-03-14,10 16 22 23 27 37,11 44,,archive
591,1987-03-21,8 10 14 29 35 38,21 34,,archive
593,1987-03-28,2 10 18 27 28 36,33 39,,archive
595,1987-04-04,2 11 17 29 32 40,10 16,,archive
597,1987-04-11,4 7 17 23 33 37,15 41,,archive
599,1987-04-18,7 26 29 31 33 38,3 8,,archive
601,1987-04-25,2 8 18 33 35 41,10 14,,archive
603,1987-05-02,1 5 14 36 41 44,7 25,,archive
605,1987-05-09,9 12 17 24 30 44,5 41,,archive
607,1987-05-16,8 12 16 33 38 40,30 35,,archive
609,1987-05-23,4 6 12 13 25 32,22 35,,archive
611,1987-05-30,7 15 31 32 38 43,13 19,,archive
613,1987-06-06,9 14 15 18 19 25,6 39,,archive
615,1987-06-13,7 11 21 32 40 45,20 39,,archive
617,1987-06-20,2 3 29 30 35 43,16 36,,archive
619,1987-06-27,1 4 14 16 30 45,15 23,,archive
621,1987-07-04,18 19 20 28 33 36,11 34,,archive
623,1987-07-11,1 12 18 20 26 42,30 37,,archive
625,1987-07-18,1 6 8 30 32 41,10 27,,archive
627,1987-07-25,1 2 12 15 38 39,21 22,,archive
629,1987-08-01,11 23 31 33 40 42,10 34,,archive
631,1987-08-08,3 8 13 17 31 39,7 15,,archive
633,1987-08-15,23 33 34 37 38 39,1 44,,archive
635,1987-08-22,1 6 8 27 33 39,10 40,,archive
637,1987-08-29,7 22 23 35 37 45,15 25,,archive
639,1987-09-05,12 14 24 32 37 40,8 31,,archive
641,1987-09-12,4 6 7 25 29 42,17 23,,archive
643,1987-09-19,2 11 15 19 27 31,16 20,,archive
645,1987-09-26,6 11 20 31 35 44,26 28,,archive
647,1987-10-03,3 12 26 33 41 44,2 24,,archive
649,1987-10-10,7 9 14 20 35 41,40 45,,archive
651,1987-10-17,13 16 19 40 41 44,9 32,,archive
653,1987-10-24,17 23 25 36 39 43,5 10,,archive
655,1987-10-31,7 10 11 16 32 33,19 45,,archive
657,1987-11-07,4 16 17 27 41 42,13 14,,archive
659,1987-11-14,12 13 18 34 40 45,8 43,,archive
661,1987-11-21,26 29 38 41 43 44,5 39,,archive
663,1987-11-28,9 12 24 25 26 43,21 28,,archive
665,1987-12-05,1 2 16 24 32 38,37 45,,archive
667,1987-12-12,23 26 27 36 38 44,3 45,,archive
669,1987-12-19,19 21 25 27 42 45,12 13,,archive
671,1987-12-26,5 10 21 22 25 27,13 23,,archive
673,1988-01-02,8 19 21 31 33 42,23 44,,archive
675,1988-01-09,5 7 8 13 39 45,11 29,,archive
677,1988-01-16,2 10 11 14 43 44,24 34,,archive
679,1988-01-23,3 8 9 24 31 39,6 35,,archive
681,1988-01-30,2 3 17 26 29 44,28 40,,archive
683,1988-02-06,10 14 27 28 41 43,23 31,,archive
685,1988-02-13,9 21 25 27 34 37,3 31,,archive
687,1988-02-20,10 17 25 27 41 42,23 44,,archive
689,1988-02-27,11 12 15 25 34 35,5 28,,archive
691,1988-03-05,13 26 38 41 43 44,29 40,,archive
693,1988-03-12,17 20 25 30 32 40,8 29,,archive
695,1988-03-19,1 2 8 12 16 20,4 23,,archive
697,1988-03-26,1 12 13 34 36 39,18 30,,archive
699,1988-04-02,29 32 34 37 41 42,3 31,,archive
701,1988-04-09,19 20 23 31 35 36,1 13,,archive
703,1988-04-16,4 6 8 12 17 18,20 21,,archive
705,1988-04-23,4 11 12 18 19 23,30 36,,archive
707,1988-04-30,6 8 14 15 19 44,17 36,,archive
709,1988-05-07,3 11 14 22 32 40,35 36,,archive
711,1988-05-14,13 21 25 31 41 42,2 15,,archive
713,1988-05-21,7 10 16 17 26 28,24 43,,archive
715,1988-05-28,6 7 8 11 21 29,30 31,,archive
717,1988-06-04,3 8 27 33 34 38,2 36,,archive
719,1988-06-11,5 11 15 18 36 42,21 27,,archive
721,1988-06-18,4 10 15 19 24 34,35 36,,archive
723,1988-06-25,3 6 12 28 41 42,13 25,,archive
725,1988-07-02,3 8 26 27 36 42,4 44,,archive
727,1988-07-09,5 9 15 24 30 44,2 19,,archive
729,1988-07-16,2 5 22 25 37 43,9 13,,archive
731,1988-07-23,3 10 16 26 28 31,5 45,,archive
733,1988-07-30,8 9 21 23 35 44,20 36,,archive
735,1988-08-06,7 10 16 20 22 42,35 38,,archive
737,1988-08-13,2 6 8 11 37 40,7 10,,archive
739,1988-08-20,6 14 16 26 33 45,22 34,,archive
741,1988-08-27,2 5 6 20 22 40,4 15,,archive
743,1988-09-03,2 3 7 15 16 26,11 41,,archive
745,1988-09-10,5 6 7 22 26 34,8 45,,archive
747,1988-09-17,3 18 31 36 39 44,1 28,,archive
749,1988-09-24,9 22 25 26 31 35,15 29,,archive
751,1988-10-01,1 18 20 37 42 43,5 19,,archive
753,1988-10-08,2 3 5 24 25 42,17 31,,archive
755,1988-10-15,6 15 22 33 35 45,4 34,,archive
757,1988-10-22,4 18 21 30 32 33,17 44,,archive
759,1988-10-29,20 27 33 34 38 41,28 40,,archive
761,1988-11-05,15 20 22 25 40 43,19 45,,archive
763,1988-11-12,3 22 26 31 36 40,18 32,,archive
765,1988-11-19,26 33 35 40 41 45,13 42,,archive
767,1988-11-26,21 26 32 36 42 43,1 39,,archive
769,1988-12-03,5 13 21 31 38 45,29 41,,archive
771,1988-12-10,3 9 20 28 29 32,7 21,,archive
773,1988-12-17,10 20 21 23 25 38,37 44,,archive
775,1988-12-24,11 13 16 19 24 43,9 12,,archive
777,1988-12-31,1 5 9 18 33 34,7 8,,archive
779,1989-01-07,3 11 12 32 37 39,25 30,,archive
781,1989-01-14,19 27 31 39 41 43,21 36,,archive
783,1989-01-21,2 11 17 27 29 41,15 28,,archive
785,1989-01-28,3 7 9 10 28 30,39 41,,archive
787,1989-02-04,3 13 34 37 41 43,15 22,,archive
789,1989-02-11,6 10 24 37 41 44,36 42,,archive
791,1989-02-18,1 7 9 11 18 29,2 45,,archive
793,1989-02-25,8 10 19 33 37 40,15 23,,archive
795,1989-03-04,11 12 16 22 24 30,20 43,,archive
797,1989-03-11,7 9 11 20 33 40,10 12,,archive
799,1989-03-18,5 7 13 20 21 42,30 41,,archive
801,1989-03-25,7 10 21 24 28 33,41 42,,archive
803,1989-04-01,2 6 11 30 35 38,4 39,,archive
805,1989-04-08,11 13 25 26 40 43,15 38,,archive
807,1989-04-15,2 4 5 12 15 30,17 41,,archive
809,1989-04-22,4 7 12 16 17 37,25 32,,archive
811,1989-04-29,14 15 16 38 39 44,5 13,,archive
813,1989-05-06,16 28 31 33 36 38,21 32,,archive
815,1989-05-13,8 18 19 29 34 45,31 41,,archive
817,1989-05-20,6 10 12 23 38 44,40 45,,archive
819,1989-05-27,7 13 25 27 32 35,22 33,,archive
821,1989-06-03,17 19 22 27 42 45,5 9,,archive
823,1989-06-10,8 16 17 18 22 44,2 25,,archive
825,1989-06-17,1 3 14 19 24 35,11 27,,archive
827,1989-06-24,1 25 31 32 39 41,14 16,,archive
829,1989-07-01,2 8 17 33 36 37,12 19,,archive
831,1989-07-08,9 12 13 14 27 39,5 43,,archive
833,1989-07-15,1 19 29 34 37 44,7 43,,archive
835,1989-07-22,4 11 15 31 38 42,14 40,,archive
837,1989-07-29,10 15 16 24 26 35,12 30,,archive
839,1989-08-05,1 3 8 16 18 42,5 28,,archive
841,1989-08-12,10 18 22 30 37 43,12 34,,archive
843,1989-08-19,1 8 31 36 41 44,28 34,,archive
845,1989-08-26,1 6 23 34 39 44,13 28,,archive
847,1989-09-02,13 16 23 24 28 29,4 34,,archive
849,1989-09-09,1 3 5 33 35 38,2 24,,archive
851,1989-09-16,13 28 34 41 43 44,5 12,,archive
853,1989-09-23,2 4 13 18 21 41,3 20,,archive
855,1989-09-30,15 26 27 28 36 38,4 7,,archive
857,1989-10-07,14 18 22 30 41 43,26 27,,archive
859,1989-10-14,6 7 20 23 28 29,22 36,,archive
861,1989-10-21,12 13 17 23 40 41,22 26,,archive
863,1989-10-28,2 6 8 9 24 33,15 42,,archive
865,1989-11-04,19 25 30 33 38 45,23 24,,archive
867,1989-11-11,11 12 25 30 38 42,5 26,,archive
869,1989-11-18,7 12 23 27 30 41,31 37,,archive
871,1989-11-25,25 30 36 40 44 45,1 16,,archive
873,1989-12-02,3 8 21 23 33 42,17 29,,archive
875,1989-12-09,4 15 20 31 32 35,17 18,,archive
877,1989-12-16,2 4 18 21 38 40,29 42,,archive
879,1989-12-23,2 36 37 38 43 44,4 19,,archive
881,1989-12-30,5 8 18 29 30 33,34 43,,archive
883,1990-01-06,2 9 13 20 30 39,21 35,,archive
885,1990-01-13,8 13 16 17 25 28,9 40,,archive
887,1990-01-20,2 4 6 11 15 17,5 9,,archive
889,1990-01-27,7 10 13 32 33 45,19 42,,archive
891,1990-02-03,4 8 18 20 34 43,1 21,,archive
893,1990-02-10,1 3 20 22 42 44,21 27,,archive
895,1990-02-17,8 13 15 17 18 29,30 45,,archive
897,1990-02-24,19 20 32 37 39 41,38 40,,archive
899,1990-03-03,13 14 16 31 37 45,25 26,,archive
901,1990-03-10,12 21 37 42 43 44,2 24,,archive
903,1990-03-17,11 17 18 19 33 41,13 37,,archive
905,1990-03-24,1 6 9 24 25 35,7 8,,archive
907,1990-03-31,9 19 24 31 35 36,22 28,,archive
909,1990-04-07,9 15 18 29 35 37,8 30,,archive
911,1990-04-14,5 10 11 34 35 36,4 43,,archive
913,1990-04-21,12 14 21 24 25 38,43 45,,archive
915,1990-04-28,4 20 26 31 35 43,13 14,,archive
917,1990-05-05,1 10 23 30 33 35,17 32,,archive
919,1990-05-12,5 10 17 29 30 37,22 39,,archive
921,1990-05-19,2 8 18 22 23 41,33 38,,archive
923,1990-05-26,18 24 29 30 40 41,33 35,,archive
925,1990-06-02,3 12 36 39 41 45,9 38,,archive
927,1990-06-09,2 16 21 24 28 35,17 42,,archive
929,1990-06-16,24 25 30 38 43 44,2 36,,archive
931,1990-06-23,3 8 9 14 34 35,20 37,,archive
933,1990-06-30,7 13 14 17 22 25,2 41,,archive
935,1990-07-07,22 26 38 40 43 44,2 12,,archive
937,1990-07-14,3 4 7 23 44 45,27 37,,archive
939,1990-07-21,5 9 22 37 44 45,29 34,,archive
941,1990-07-28,1 2 8 22 42 43,13 25,,archive
943,1990-08-04,15 19 28 32 38 41,33 42,,archive
945,1990-08-11,10 16 18 20 21 31,32 39,,archive
947,1990-08-18,1 5 32 35 37 39,29 33,,archive
949,1990-08-25,10 19 20 21 27 41,3 17,,archive
951,1990-09-01,4 12 17 19 24 32,25 40,,archive
953,1990-09-08,5 11 15 18 43 45,20 27,,archive
955,1990-09-15,3 8 9 36 37 41,18 39,,archive
957,1990-09-22,6 10 12 21 27 43,4 34,,archive
959,1990-09-29,3 23 26 30 41 44,17 20,,archive
961,1990-10-06,5 10 16 22 31 33,21 42,,archive
963,1990-10-13,5 8 16 22 39 40,24 30,,archive
965,1990-10-20,3 8 10 11 21 25,40 45,,archive
967,1990-10-27,2 19 26 33 44 45,32 42,,archive
969,1990-11-03,12 28 33 36 37 43,16 20,,archive
971,1990-11-10,4 5 8 15 16 28,31 42,,archive
973,1990-11-17,17 18 20 25 36 42,15 38,,archive
975,1990-11-24,5 6 12 26 29 33,11 36,,archive
977,1990-12-01,8 16 20 28 30 34,10 40,,archive
979,1990-12-08,11 26 28 29 30 40,17 20,,archive
981,1990-12-15,2 3 4 6 14 39,25 38,,archive
983,1990-12-22,14 19 29 39 42 43,4 9,,archive
985,1990-12-29,13 15 18 19 20 34,10 25,,archive
987,1991-01-05,1 5 20 24 31 41,2 40,,archive
989,1991-01-12,1 3 5 10 34 36,15 31,,archive
991,1991-01-19,2 4 7 9 30 42,14 34,,archive
993,1991-01-26,2 5 14 19 35 37,3 8,,archive
995,1991-02-02,4 13 16 19 20 23,41 44,,archive
997,1991-02-09,20 22 27 32 37 40,23 38,,archive
999,1991-02-16,2 9 14 21 26 41,29 34,,archive
1001,1991-02-23,1 11 15 16 22 32,9 14,,archive
1003,1991-03-02,1 9 10 35 36 37,11 44,,archive
1005,1991-03-09,8 14 19 26 28 39,15 31,,archive
1007,1991-03-16,5 19 21 31 41 45,11 30,,archive
1009,1991-03-23,2 4 16 23 27 31,13 26,,archive
1011,1991-03-30,1 2 13 16 21 31,6 15,,archive
1013,1991-04-06,3 19 26 29 36 45,8 43,,archive
1015,1991-04-13,1 5 12 15 19 24,23 29,,archive
1017,1991-04-20,2 5 12 37 41 45,14 21,,archive
1019,1991-04-27,4 28 37 41 42 45,3 7,,archive
1021,1991-05-04,1 14 17 29 30 37,25 45,,archive
1023,1991-05-11,7 8 19 28 43 45,1 4,,archive
1025,1991-05-18,16 17 18 22 35 42,4 36,,archive
1027,1991-05-25,19 20 32 33 41 42,23 31,,archive
1029,1991-06-01,3 11 17 22 24 31,1 5,,archive
1031,1991-06-08,4 9 15 21 24 43,32 40,,archive
1033,1991-06-15,9 11 12 36 44 45,28 33,,archive
1035,1991-06-22,11 13 21 25 40 45,22 41,,archive
1037,1991-06-29,13 14 15 32 35 43,2 6,,archive
1039,1991-07-06,7 9 16 22 34 36,33 45,,archive
1041,1991-07-13,4 11 15 21 26 45,30 34,,archive
1043,1991-07-20,1 2 8 19 26 45,5 20,,archive
1045,1991-07-27,1 13 16 21 22 34,35 43,,archive
1047,1991-08-03,16 17 19 22 31 43,29 39,,archive
1049,1991-08-10,20 29 34 36 38 40,10 39,,archive
1051,1991-08-17,6 12 18 24 34 45,16 28,,archive
1053,1991-08-24,6 8 17 27 33 45,9 32,,archive
1055,1991-08-31,3 11 17 25 27 33,2 14,,archive
1057,1991-09-07,8 20 26 30 31 41,9 42,,archive
1059,1991-09-14,9 14 28 29 33 37,20 24,,archive
1061,1991-09-21,16 21 33 35 38 40,10 19,,archive
1063,1991-09-28,3 5 13 27 29 35,11 33,,archive
1065,1991-10-05,1 4 6 7 27 38,5 8,,archive
1067,1991-10-12,8 13 24 28 32 38,3 34,,archive
1069,1991-10-19,8 15 28 34 39 40,37 42,,archive
1071,1991-10-26,5 36 37 40 41 43,23 35,,archive
1073,1991-11-02,9 11 12 17 31 40,13 23,,archive
1075,1991-11-09,3 10 15 34 37 45,7 35,,archive
1077,1991-11-16,5 27 29 31 33 36,13 35,,archive
1079,1991-11-23,15 18 39 41 42 43,3 31,,archive
1081,1991-11-30,14 22 23 38 39 41,20 40,,archive
1083,1991-12-07,2 6 15 25 29 30,8 14,,archive
1085,1991-12-14,13 15 26 34 42 44,4 27,,archive
1087,1991-12-21,6 24 30 31 33 36,18 26,,archive
1089,1991-12-28,6 12 14 31 38 40,4 35,,archive
1091,1992-01-04,1 8 16 17 24 35,3 38,,archive
1093,1992-01-11,9 18 29 38 41 44,7 30,,archive
1095,1992-01-18,23 30 36 38 40 43,9 21,,archive
1097,1992-01-25,5 13 28 33 41 44,6 21,,archive
1099,1992-02-01,4 11 23 30 34 43,18 36,,archive
1101,1992-02-08,11 26 31 32 36 45,13 29,,archive
1103,1992-02-15,6 10 14 18 28 40,23 25,,archive
1105,1992-02-22,3 9 11 27 37 43,14 45,,archive
1107,1992-02-29,9 17 24 28 35 37,5 44,,archive
1109,1992-03-07,1 18 20 23 25 29,16 43,,archive
1111,1992-03-14,13 19 24 29 33 38,12 40,,archive
1113,1992-03-21,4 19 31 33 34 36,30 44,,archive
1115,1992-03-28,3 12 13 17 40 44,28 42,,archive
1117,1992-04-04,3 8 19 30 32 38,12 28,,archive
1119,1992-04-11,7 16 19 30 41 43,36 39,,archive
1121,1992-04-18,11 12 25 38 43 44,8 22,,archive
1123,1992-04-25,11 15 18 19 42 43,20 26,,archive
1125,1992-05-02,3 15 16 19 32 43,1 20,,archive
1127,1992-05-09,11 13 14 18 19 37,8 12,,archive
1129,1992-05-16,1 18 25 37 39 43,5 26,,archive
1131,1992-05-23,1 11 19 30 33 41,27 31,,archive
1133,1992-05-30,1 7 24 27 38 42,15 36,,archive
1135,1992-06-06,1 22 25 31 36 43,7 33,,archive
1137,1992-06-13,1 21 27 30 35 45,7 44,,archive
1139,1992-06-20,2 6 18 19 32 45,11 38,,archive
1141,1992-06-27,9 11 16 36 38 39,4 40,,archive
1143,1992-07-04,4 5 6 13 22 44,28 29,,archive
1145,1992-07-11,1 5 8 17 19 33,7 27,,archive
1147,1992-07-18,7 14 16 33 38 43,1 2,,archive
1149,1992-07-25,2 14 19 23 30 43,18 29,,archive
1151,1992-08-01,4 13 20 30 34 36,14 21,,archive
1153,1992-08-08,3 8 10 11 21 31,41 43,,archive
1155,1992-08-15,21 25 28 33 38 43,11 45,,archive
1157,1992-08-22,11 13 23 24 35 39,5 45,,archive
1159,1992-08-29,1 9 12 15 19 34,37 45,,archive
1161,1992-09-05,1 3 6 7 29 42,11 33,,archive
1163,1992-09-12,14 15 23 27 34 40,1 11,,archive
1165,1992-09-19,13 18 27 41 44 45,29 39,,archive
1167,1992-09-26,8 12 19 27 33 38,23 25,,archive
1169,1992-10-03,8 10 11 25 33 42,7 22,,archive
1171,1992-10-10,7 14 28 32 33 34,4 13,,archive
1173,1992-10-17,6 12 23 38 41 42,22 40,,archive
1175,1992-10-24,12 20 21 28 29 33,35 37,,archive
1177,1992-10-31,3 8 22 24 37 45,12 40,,archive
1179,1992-11-07,7 8 11 22 29 35,41 42,,archive
1181,1992-11-14,1 7 13 28 35 41,6 15,,archive
1183,1992-11-21,7 11 13 28 29 34,43 44,,archive
1185,1992-11-28,5 25 27 28 29 43,31 37,,archive
1187,1992-12-05,4 11 17 19 23 36,1 22,,archive
1189,1992-12-12,1 4 13 14 28 43,8 30,,archive
1191,1992-12-19,4 10 25 35 36 45,13 33,,archive
1193,1992-12-26,6 9 23 31 36 44,22 24,,archive
1195,1993-01-02,8 9 16 22 31 44,19 23,,archive
1197,1993-01-09,7 12 29 31 33 37,38 42,,archive
1199,1993-01-16,1 25 34 38 40 41,10 32,,archive
1201,1993-01-23,2 10 16 24 27 35,7 31,,archive
1203,1993-01-30,6 12 14 16 32 35,15 34,,archive
1205,1993-02-06,15 16 18 20 30 34,8 38,,archive
1207,1993-02-13,6 8 32 34 36 41,10 27,,archive
1209,1993-02-20,2 5 22 34 36 38,18 19,,archive
1211,1993-02-27,2 10 14 20 31 43,9 34,,archive
1213,1993-03-06,1 6 11 37 41 43,31 40,,archive
1215,1993-03-13,5 30 32 41 42 45,1 7,,archive
1217,1993-03-20,11 14 15 19 34 37,8 9,,archive
1219,1993-03-27,3 5 11 27 42 45,14 34,,archive
1221,1993-04-03,9 10 26 27 35 42,4 22,,archive
1223,1993-04-10,7 13 15 28 29 35,2 41,,archive
1225,1993-04-17,1 8 9 19 21 33,20 29,,archive
1227,1993-04-24,1 8 18 19 24 32,15 17,,archive
1229,1993-05-01,1 8 18 22 26 31,13 28,,archive
1231,1993-05-08,8 9 19 23 26 36,1 38,,archive
1233,1993-05-15,7 14 16 18 29 31,2 44,,archive
1235,1993-05-22,7 9 12 23 37 44,19 30,,archive
1237,1993-05-29,1 5 13 20 35 39,15 25,,archive
1239,1993-06-05,6 7 10 18 24 34,19 44,,archive
1241,1993-06-12,1 3 9 12 36 38,4 28,,archive
1243,1993-06-19,4 5 14 19 26 39,8 35,,archive
1245,1993-06-26,1 6 14 30 36 40,3 23,,archive
1247,1993-07-03,2 3 32 39 40 44,25 29,,archive
1249,1993-07-10,14 29 36 38 42 45,2 32,,archive
1251,1993-07-17,16 20 25 35 38 41,5 9,,archive
1253,1993-07-24,6 14 22 27 35 43,3 28,,archive
1255,1993-07-31,3 8 16 20 42 43,31 40,,archive
1257,1993-08-07,10 13 16 26 32 36,9 19,,archive
1259,1993-08-14,9 14 20 31 33 35,18 19,,archive
1261,1993-08-21,6 19 21 23 31 35,29 33,,archive
1263,1993-08-28,8 11 17 31 36 43,9 18,,archive
1265,1993-09-04,7 8 15 30 41 44,3 4,,archive
1267,1993-09-11,3 11 23 29 39 45,7 13,,archive
1269,1993-09-18,4 10 18 21 35 39,3 25,,archive
1271,1993-09-25,1 6 13 22 27 31,18 30,,archive
1273,1993-10-02,1 20 26 34 38 44,3 43,,archive
1275,1993-10-09,4 9 12 23 34 38,5 20,,archive
1277,1993-10-16,7 9 12 17 19 25,5 23,,archive
1279,1993-10-23,1 18 22 26 34 42,33 40,,archive
1281,1993-10-30,5 20 23 24 26 30,14 38,,archive
1283,1993-11-06,3 6 12 19 20 24,9 29,,archive
1285,1993-11-13,7 11 17 26 27 32,1 21,,archive
1287,1993-11-20,3 5 18 24 25 42,17 45,,archive
1289,1993-11-27,1 17 26 32 34 45,11 38,,archive
1291,1993-12-04,1 12 15 26 34 42,21 35,,archive
1293,1993-12-11,21 31 32 34 42 45,10 12,,archive
1295,1993-12-18,6 19 21 25 28 32,3 22,,archive
1297,1993-12-25,4 6 16 26 42 45,15 37,,archive
1299,1994-01-01,24 29 30 31 37 38,34 35,,archive
1301,1994-01-08,5 22 27 33 34 35,23 26,,archive
1303,1994-01-15,4 7 13 34 39 43,9 33,,archive
1305,1994-01-22,4 10 18 34 43 44,17 38,,archive
1307,1994-01-29,3 7 15 19 38 41,1 39,,archive
1309,1994-02-05,3 10 16 24 25 28,15 44,,archive
1311,1994-02-12,3 9 11 17 18 36,37 43,,archive
1313,1994-02-19,6 19 20 23 44 45,18 31,,archive
1315,1994-02-26,14 20 24 25 30 34,3 21,,archive
1317,1994-03-05,2 10 19 26 30 36,1 35,,archive
1319,1994-03-12,4 18 19 29 37 42,11 40,,archive
1321,1994-03-19,12 13 20 31 34 35,14 42,,archive
1323,1994-03-26,4 7 10 20 27 40,1 28,,archive
1325,1994-04-02,1 3 26 29 40 43,23 34,,archive
1327,1994-04-09,3 7 22 31 42 43,30 33,,archive
1329,1994-04-16,7 12 13 15 29 31,25 28,,archive
1331,1994-04-23,4 8 12 18 26 43,1 20,,archive
1333,1994-04-30,3 15 25 31 38 40,23 36,,archive
1335,1994-05-07,9 22 29 39 40 44,2 18,,archive
1337,1994-05-14,13 14 20 30 31 34,4 10,,archive
1339,1994-05-21,1 22 29 31 38 39,18 40,,archive
1341,1994-05-28,9 16 18 26 33 35,5 7,,archive
1343,1994-06-04,5 25 27 33 34 42,3 4,,archive
1345,1994-06-11,1 2 9 10 14 24,4 23,,archive
1347,1994-06-18,9 24 28 36 38 41,1 43,,archive
1349,1994-06-25,6 10 14 17 23 45,19 41,,archive
1351,1994-07-02,9 11 21 28 32 40,42 45,,archive
1353,1994-07-09,2 16 18 21 33 40,43 45,,archive
1355,1994-07-16,4 5 19 33 37 42,26 41,,archive
1357,1994-07-23,3 13 21 31 34 39,4 20,,archive
1359,1994-07-30,1 13 20 24 26 38,2 29,,archive
1361,1994-08-06,9 11 15 26 29 32,7 13,,archive
1363,1994-08-13,9 11 15 25 26 36,4 33,,archive
1365,1994-08-20,5 7 13 17 34 40,1 15,,archive
1367,1994-08-27,10 12 23 25 26 43,17 45,,archive
1369,1994-09-03,1 3 9 17 24 41,32 39,,archive
1371,1994-09-10,3 7 18 22 32 39,12 17,,archive
1373,1994-09-17,1 2 3 13 25 27,32 44,,archive
1375,1994-09-24,21 23 29 32 33 42,27 36,,archive
1377,1994-10-01,1 16 21 26 27 40,8 23,,archive
1379,1994-10-08,4 15 16 25 29 36,14 26,,archive
1381,1994-10-15,8 12 26 33 37 38,27 39,,archive
1383,1994-10-22,3 7 25 32 40 42,28 38,,archive
1385,1994-10-29,14 20 23 36 43 45,9 42,,archive
1387,1994-11-05,1 3 7 33 38 44,42 45,,archive
1389,1994-11-12,6 8 9 12 21 44,14 41,,archive
1391,1994-11-19,11 20 24 26 40 44,2 23,,archive
1393,1994-11-26,4 9 12 16 27 41,2 39,,archive
1395,1994-12-03,20 22 24 26 35 45,6 33,,archive
1397,1994-12-10,11 14 31 35 40 44,5 12,,archive
1399,1994-12-17,1 17 22 26 37 40,21 24,,archive
1401,1994-12-24,1 2 17 23 37 38,21 32,,archive
1403,1994-12-31,6 14 21 30 35 41,32 40,,archive
1405,1995-01-07,17 25 27 31 40 41,1 7,,archive
1407,1995-01-14,14 22 25 26 28 45,40 43,,archive
1409,1995-01-21,3 6 32 34 36 41,40 42,,archive
1411,1995-01-28,7 17 20 23 41 42,16 45,,archive
1413,1995-02-04,2 15 21 33 36 45,20 31,,archive
1415,1995-02-11,4 15 20 24 31 42,12 36,,archive
1417,1995-02-18,3 5 6 8 19 32,1 42,,archive
1419,1995-02-25,3 8 19 41 42 43,15 32,,archive
1421,1995-03-04,2 4 10 24 25 35,13 44,,archive
1423,1995-03-11,3 8 13 18 34 36,9 31,,archive
1425,1995-03-18,3 4 9 17 21 44,23 24,,archive
1427,1995-03-25,24 28 29 31 43 45,15 27,,archive
1429,1995-04-01,8 16 18 21 35 38,2 42,,archive
1431,1995-04-08,9 18 23 24 32 37,25 39,,archive
1433,1995-04-15,8 14 16 19 33 34,23 29,,archive
1435,1995-04-22,6 11 24 36 40 44,7 26,,archive
1437,1995-04-29,1 8 23 29 31 40,7 43,,archive
1439,1995-05-06,3 6 7 15 36 43,4 26,,archive
1441,1995-05-13,4 6 7 14 31 45,28 44,,archive
1443,1995-05-20,6 10 18 21 22 43,30 37,,archive
1445,1995-05-27,12 18 27 39 41 45,7 37,,archive
1447,1995-06-03,2 5 12 16 26 37,4 19,,archive
1449,1995-06-10,29 30 36 37 42 45,39 43,,archive
1451,1995-06-17,2 5 8 15 19 23,6 26,,archive
1453,1995-06-24,1 6 11 21 33 38,18 25,,archive
1455,1995-07-01,6 9 27 28 39 43,2 17,,archive
1457,1995-07-08,19 34 38 40 43 45,10 13,,archive
1459,1995-07-15,13 19 22 28 37 44,6 42,,archive
1461,1995-07-22,15 18 21 25 32 35,8 37,,archive
1463,1995-07-29,10 14 15 17 27 31,19 28,,archive
1465,1995-08-05,1 5 28 31 34 42,17 29,,archive
1467,1995-08-12,9 13 15 20 32 40,3 8,,archive
1469,1995-08-19,2 9 10 13 15 41,17 26,,archive
1471,1995-08-26,9 11 12 16 25 40,20 43,,archive
1473,1995-09-02,9 10 17 28 34 42,2 20,,archive
1475,1995-09-09,7 14 16 22 23 39,4 24,,archive
1477,1995-09-16,4 12 17 18 19 26,7 39,,archive
1479,1995-09-23,4 8 9 12 19 27,10 37,,archive
1481,1995-09-30,9 21 36 39 40 45,3 7,,archive
1483,1995-10-07,4 10 12 20 27 44,13 22,,archive
1485,1995-10-14,7 14 18 28 31 41,39 43,,archive
1487,1995-10-21,4 11 13 14 17 32,37 43,,archive
1489,1995-10-28,2 4 6 36 37 38,10 26,,archive
1491,1995-11-04,14 30 35 38 44 45,13 29,,archive
1493,1995-11-11,5 9 23 27 35 43,6 11,,archive
1495,1995-11-18,3 11 13 38 40 44,5 12,,archive
1497,1995-11-25,14 19 22 25 31 35,26 43,,archive
1499,1995-12-02,2 18 21 37 40 42,30 35,,archive
1501,1995-12-09,3 15 18 19 25 37,13 34,,archive
1503,1995-12-16,8 15 23 28 34 42,14 32,,archive
1505,1995-12-23,2 3 6 22 23 33,19 27,,archive
1507,1995-12-30,6 15 18 26 40 45,19 34,,archive
1509,1996-01-06,6 7 22 29 33 43,8 21,,archive
1511,1996-01-13,2 3 5 9 16 28,11 29,,archive
1513,1996-01-20,7 17 28 35 42 45,8 10,,archive
1515,1996-01-27,19 23 32 33 36 44,4 31,,archive
1517,1996-02-03,5 8 15 17 32 44,31 35,,archive
1519,1996-02-10,7 33 34 35 42 44,13 39,,archive
1521,1996-02-17,5 18 22 26 31 37,14 30,,archive
1523,1996-02-24,13 14 15 19 28 31,3 40,,archive
1525,1996-03-02,13 14 15 33 41 42,8 25,,archive
1527,1996-03-09,10 15 26 37 40 44,11 42,,archive
1529,1996-03-16,12 20 31 36 38 39,1 2,,archive
1531,1996-03-23,11 18 23 25 41 43,10 26,,archive
1533,1996-03-30,4 24 30 33 36 44,11 15,,archive
1535,1996-04-06,12 18 22 33 40 44,7 38,,archive
1537,1996-04-13,3 12 26 31 35 36,8 14,,archive
1539,1996-04-20,2 3 14 17 19 35,12 42,,archive
1541,1996-04-27,7 13 15 26 42 44,2 28,,archive
1543,1996-05-04,5 29 34 35 36 39,23 31,,archive
1545,1996-05-11,15 22 25 34 35 36,11 24,,archive
1547,1996-05-18,12 26 27 37 42 44,15 17,,archive
1549,1996-05-25,1 11 30 36 42 45,9 39,,archive
1551,1996-06-01,4 12 16 28 32 35,23 45,,archive
1553,1996-06-08,10 12 18 32 38 44,15 43,,archive
1555,1996-06-15,2 13 23 24 32 45,16 41,,archive
1557,1996-06-22,3 5 8 25 27 44,30 31,,archive
1559,1996-06-29,2 9 19 29 30 40,3 33,,archive
1561,1996-07-06,15 16 19 25 30 32,1 26,,archive
1563,1996-07-13,5 14 16 21 36 45,23 26,,archive
1565,1996-07-20,5 14 27 29 39 44,17 19,,archive
1567,1996-07-27,3 5 23 41 42 45,29 35,,archive
1569,1996-08-03,15 19 31 34 35 43,11 26,,archive
1571,1996-08-10,1 17 18 24 30 41,27 40,,archive
1573,1996-08-17,11 12 23 25 30 31,1 28,,archive
1575,1996-08-24,4 14 19 25 28 38,17 33,,archive
1577,1996-08-31,6 10 18 20 26 42,4 19,,archive
1579,1996-09-07,1 28 37 39 40 42,21 30,,archive
1581,1996-09-14,8 16 23 28 32 45,5 10,,archive
1583,1996-09-21,24 26 30 31 36 41,11 40,,archive
1585,1996-09-28,4 12 21 27 33 34,30 35,,archive
1587,1996-10-05,13 14 22 37 42 43,24 27,,archive
1589,1996-10-12,4 14 29 32 36 41,39 44,,archive
1591,1996-10-19,9 18 19 20 26 45,2 13,,archive
1593,1996-10-26,2 14 20 24 27 29,4 28,,archive
1595,1996-11-02,2 3 8 9 21 28,25 34,,archive
1597,1996-11-09,10 26 29 32 40 44,8 23,,archive
1599,1996-11-16,9 13 24 25 29 39,28 44,,archive
1601,1996-11-23,4 11 14 24 27 31,19 20,,archive
1603,1996-11-30,10 28 32 33 37 44,6 21,,archive
1605,1996-12-07,3 9 19 21 29 42,16 22,,archive
1607,1996-12-14,4 13 14 21 28 32,24 25,,archive
1609,1996-12-21,15 20 21 35 40 45,14 34,,archive
1611,1996-12-28,9 11 20 32 35 40,8 39,,archive
1613,1997-01-04,6 22 26 27 30 36,11 12,,archive
1615,1997-01-11,10 23 24 29 36 43,8 13,,archive
1617,1997-01-18,9 10 11 21 32 41,19 25,,archive
1619,1997-01-25,14 19 29 36 42 44,23 38,,archive
1621,1997-02-01,8 15 25 34 37 39,42 44,,archive
1623,1997-02-08,9 11 15 16 24 39,19 41,,archive
1625,1997-02-15,1 10 12 29 32 39,13 43,,archive
1627,1997-02-22,3 4 7 13 22 26,11 21,,archive
1629,1997-03-01,1 3 22 23 37 39,10 24,,archive
1631,1997-03-08,1 23 27 29 30 42,13 41,,archive
1633,1997-03-15,1 2 5 15 20 29,9 40,,archive
1635,1997-03-22,4 6 19 21 35 36,23 26,,archive
1637,1997-03-29,1 6 10 23 38 40,17 33,,archive
1639,1997-04-05,5 7 17 22 27 44,16 32,,archive
1641,1997-04-12,3 17 23 31 35 37,12 16,,archive
1643,1997-04-19,16 30 32 39 43 45,10 42,,archive
1645,1997-04-26,7 11 29 32 36 41,4 35,,archive
1647,1997-05-03,18 22 30 32 33 36,8 26,,archive
1649,1997-05-10,2 8 15 17 28 29,22 26,,archive
1651,1997-05-17,7 12 15 16 26 38,3 36,,archive
1653,1997-05-24,23 25 28 36 39 43,13 21,,archive
1655,1997-05-31,1 8 24 26 43 45,11 12,,archive
1657,1997-06-07,5 6 29 30 31 43,16 22,,archive
1659,1997-06-14,3 4 12 14 20 41,17 33,,archive
1661,1997-06-21,1 16 24 25 30 40,5 18,,archive
1663,1997-06-28,11 20 21 22 27 40,17 19,,archive
1665,1997-07-05,5 7 9 12 19 30,29 36,,archive
1667,1997-07-12,6 8 24 26 36 37,32 35,,archive
1669,1997-07-19,11 17 25 33 41 44,13 42,,archive
1671,1997-07-26,1 4 15 29 33 36,38 40,,archive
1673,1997-08-02,20 24 38 43 44 45,7 8,,archive
1675,1997-08-09,2 4 25 26 28 31,1 34,,archive
1677,1997-08-16,8 15 18 27 32 35,24 33,,archive
1679,1997-08-23,7 11 12 22 24 29,36 37,,archive
1681,1997-08-30,11 15 23 32 35 44,14 28,,archive
1683,1997-09-06,5 31 33 34 35 42,3 29,,archive
1685,1997-09-13,7 31 34 39 41 43,15 38,,archive
1687,1997-09-20,15 17 20 22 26 34,9 35,,archive
1689,1997-09-27,9 11 23 26 28 39,3 45,,archive
1691,1997-10-04,12 17 25 30 38 44,18 20,,archive
1693,1997-10-11,8 9 20 22 26 36,19 32,,archive
1695,1997-10-18,11 17 23 25 30 43,12 13,,archive
1697,1997-10-25,11 12 18 19 25 26,4 21,,archive
1699,1997-11-01,16 25 30 31 39 42,27 32,,archive
1701,1997-11-08,4 5 6 9 17 30,25 40,,archive
1703,1997-11-15,3 5 18 19 21 35,13 45,,archive
1705,1997-11-22,7 10 12 17 28 44,3 8,,archive
1707,1997-11-29,3 9 12 15 20 38,1 33,,archive
1709,1997-12-06,2 5 13 29 35 45,11 16,,archive
1711,1997-12-13,3 28 37 40 41 44,20 33,,archive
1713,1997-12-20,4 12 14 29 40 44,17 18,,archive
1715,1997-12-27,4 10 12 28 36 45,16 22,,archive
1717,1998-01-03,1 5 21 24 37 41,2 17,,archive
1719,1998-01-10,2 3 4 18 25 41,5 7,,archive
1721,1998-01-17,2 7 11 17 32 40,26 45,,archive
1723,1998-01-24,7 8 20 25 28 36,17 27,,archive
1725,1998-01-31,7 19 26 27 31 40,17 44,,archive
1727,1998-02-07,2 3 7 20 21 22,11 23,,archive
1729,1998-02-14,2 7 15 17 25 31,10 42,,archive
1731,1998-02-21,3 6 12 13 14 17,2 5,,archive
1733,1998-02-28,1 2 18 31 41 42,14 15,,archive
1735,1998-03-07,8 9 20 23 25 40,22 30,,archive
1737,1998-03-14,1 4 16 17 27 42,6 24,,archive
1739,1998-03-21,6 18 19 30 43 44,5 23,,archive
1741,1998-03-28,16 21 24 25 36 37,33 43,,archive
1743,1998-04-04,3 5 6 9 16 18,8 14,,archive
1745,1998-04-11,3 7 15 34 41 45,2 33,,archive
1747,1998-04-18,9 10 16 19 21 41,18 28,,archive
1749,1998-04-25,5 15 20 36 39 45,13 21,,archive
1751,1998-05-02,8 9 27 37 40 44,15 21,,archive
1753,1998-05-09,5 7 12 28 39 40,8 25,,archive
1755,1998-05-16,7 8 10 16 17 36,33 43,,archive
1757,1998-05-23,4 7 11 20 29 32,3 21,,archive
1759,1998-05-30,2 8 16 17 23 42,19 30,,archive
1761,1998-06-06,7 13 21 24 25 34,14 15,,archive
1763,1998-06-13,11 16 20 32 34 35,6 7,,archive
1765,1998-06-20,2 17 24 30 34 38,10 33,,archive
1767,1998-06-27,2 6 24 25 33 42,18 44,,archive
1769,1998-07-04,5 7 12 22 29 38,4 45,,archive
1771,1998-07-11,3 4 30 31 36 43,9 23,,archive
1773,1998-07-18,6 12 18 20 27 45,3 7,,archive
1775,1998-07-25,5 9 16 32 42 44,6 37,,archive
1777,1998-08-01,5 8 9 10 17 22,18 32,,archive
1779,1998-08-08,11 13 18 25 30 39,4 42,,archive
1781,1998-08-15,3 13 14 18 30 45,9 33,,archive
1783,1998-08-22,2 9 23 39 42 45,16 44,,archive
1785,1998-08-29,5 13 25 37 40 44,24 32,,archive
1787,1998-09-05,1 6 18 39 42 44,15 25,,archive
1789,1998-09-12,2 19 23 24 39 44,26 28,,archive
1791,1998-09-19,4 11 12 19 35 37,5 13,,archive
1793,1998-09-26,20 26 29 33 38 44,7 35,,archive
1795,1998-10-03,3 7 16 18 24 43,9 23,,archive
1797,1998-10-10,1 10 15 30 40 41,14 25,,archive
1799,1998-10-17,2 5 15 16 28 37,3 38,,archive
1801,1998-10-24,24 31 37 41 43 45,9 13,,archive
1803,1998-10-31,8 21 30 33 35 40,39 43,,archive
1805,1998-11-07,4 19 28 33 36 39,9 44,,archive
1807,1998-11-14,6 25 26 37 44 45,35 41,,archive
1809,1998-11-21,1 3 18 24 32 38,2 25,,archive
1811,1998-11-28,2 5 11 25 30 41,8 14,,archive
1813,1998-12-05,6 18 27 32 33 45,2 24,,archive
1815,1998-12-12,2 9 18 25 32 36,6 34,,archive
1817,1998-12-19,4 5 16 18 22 27,36 41,,archive
1819,1998-12-26,2 4 13 31 33 37,11 27,,archive
1821,1999-01-02,5 18 28 35 41 44,9 45,,archive
1823,1999-01-09,5 14 16 24 29 41,28 42,,archive
1825,1999-01-16,9 19 36 38 39 43,25 26,,archive
1827,1999-01-23,3 5 8 15 16 41,1 7,,archive
1829,1999-01-30,3 25 36 43 44 45,14 41,,archive
1831,1999-02-06,8 12 18 30 39 41,24 38,,archive
1833,1999-02-13,15 16 29 33 34 35,22 24,,archive
1835,1999-02-20,10 20 25 38 39 43,7 13,,archive
1837,1999-02-27,12 13 23 26 39 41,17 30,,archive
1839,1999-03-06,16 19 33 34 35 40,23 42,,archive
1841,1999-03-13,3 6 19 24 26 41,32 37,,archive
1843,1999-03-20,2 15 20 25 32 44,1 10,,archive
1845,1999-03-27,7 27 31 33 34 39,35 38,,archive
1847,1999-04-03,4 15 23 27 32 33,19 31,,archive
1849,1999-04-10,16 18 21 28 35 38,33 43,,archive
1851,1999-04-17,20 22 24 27 34 38,7 25,,archive
1853,1999-04-24,5 13 15 16 20 26,11 42,,archive
1855,1999-05-01,1 10 18 31 37 38,16 17,,archive
1857,1999-05-08,2 8 11 23 24 26,4 41,,archive
1859,1999-05-15,2 5 31 35 42 43,6 13,,archive
1861,1999-05-22,22 23 25 35 39 42,20 31,,archive
1863,1999-05-29,13 15 18 21 37 41,11 20,,archive
1865,1999-06-05,5 9 23 30 33 37,25 44,,archive
1867,1999-06-12,1 14 22 26 29 37,9 32,,archive
1869,1999-06-19,4 10 12 23 33 41,28 35,,archive
1871,1999-06-26,8 10 16 28 34 38,31 43,,archive
1873,1999-07-03,16 19 20 27 35 41,10 26,,archive
1875,1999-07-10,3 17 19 23 29 37,7 11,,archive
1877,1999-07-17,4 5 8 9 37 43,6 10,,archive
1879,1999-07-24,1 2 12 29 34 42,17 31,,archive
1881,1999-07-31,10 11 24 25 26 36,39 42,,archive
1883,1999-08-07,16 21 22 29 39 45,1 19,,archive
1885,1999-08-14,11 25 26 34 38 42,18 28,,archive
1887,1999-08-21,1 9 14 32 35 42,6 22,,archive
1889,1999-08-28,4 13 16 22 26 45,6 17,,archive
1891,1999-09-04,8 14 17 20 37 39,4 6,,archive
1893,1999-09-11,4 11 26 29 33 34,14 17,,archive
1895,1999-09-18,1 7 10 11 18 36,43 45,,archive
1897,1999-09-25,5 9 19 24 27 35,8 45,,archive
1899,1999-10-02,5 19 20 22 29 39,17 28,,archive
1901,1999-10-09,9 18 19 36 39 40,2 43,,archive
1903,1999-10-16,10 19 23 26 34 38,4 6,,archive
1905,1999-10-23,11 15 16 21 24 33,17 18,,archive
1907,1999-10-30,8 27 28 34 37 42,15 31,,archive
1909,1999-11-06,5 6 13 23 30 35,19 40,,archive
1911,1999-11-13,11 12 15 31 40 41,3 18,,archive
1913,1999-11-20,16 25 29 36 39 40,18 32,,archive
1915,1999-11-27,9 24 29 32 39 45,7 19,,archive
1917,1999-12-04,18 19 30 31 42 45,16 20,,archive
1919,1999-12-11,9 21 22 26 39 43,28 36,,archive
1921,1999-12-18,20 24 38 40 42 43,22 29,,archive
1923,1999-12-25,12 16 24 28 35 39,2 26,,archive
1925,1999-12-31,5 11 26 33 39 45,3 12,,archive
1927,2000-01-08,5 6 17 22 39 40,20 34,,archive
1929,2000-01-15,6 12 15 30 32 33,5 20,,archive
1931,2000-01-22,5 7 21 25 26 42,8 30,,archive
1933,2000-01-29,7 13 19 22 29 45,18 41,,archive
1935,2000-02-05,3 14 18 22 24 39,13 41,,archive
1937,2000-02-12,9 10 22 25 28 33,2 29,,archive
1939,2000-02-19,5 18 19 23 33 43,22 36,,archive
1941,2000-02-26,2 7 13 17 23 35,12 25,,archive
1943,2000-03-04,3 12 15 25 31 33,30 44,,archive
1945,2000-03-11,1 11 12 19 37 39,18 21,,archive
1947,2000-03-18,21 22 33 34 37 39,8 23,,archive
1949,2000-03-25,2 20 24 25 26 41,12 31,,archive
1951,2000-04-01,11 13 17 23 31 39,18 34,,archive
1953,2000-04-08,13 18 36 37 39 43,23 24,,archive
1955,2000-04-15,1 15 18 25 34 40,36 44,,archive
1957,2000-04-22,16 30 33 37 40 41,6 10,,archive
1959,2000-04-29,20 24 29 30 31 45,8 14,,archive
1961,2000-05-06,7 16 19 33 40 41,10 36,,archive
1963,2000-05-13,2 3 7 22 35 45,14 39,,archive
1965,2000-05-20,2 8 22 24 36 42,1 30,,archive
1967,2000-05-27,6 14 33 42 43 44,10 32,,archive
1969,2000-06-03,16 25 28 34 42 43,6 40,,archive
1971,2000-06-10,4 6 12 22 29 43,9 13,,archive
1973,2000-06-17,6 11 12 13 21 32,8 26,,archive
1975,2000-06-24,8 24 25 39 40 41,7 45,,archive
1977,2000-07-01,4 5 8 10 22 39,23 29,,archive
1979,2000-07-08,6 8 10 13 25 38,11 23,,archive
1981,2000-07-15,16 24 32 34 39 42,14 35,,archive
1983,2000-07-22,7 8 15 16 25 36,6 34,,archive
1985,2000-07-29,1 3 5 19 22 29,23 43,,archive
1987,2000-08-05,6 11 13 21 24 43,22 40,,archive
1989,2000-08-12,1 10 16 22 27 36,20 34,,archive
1991,2000-08-19,1 7 16 19 23 44,10 14,,archive
1993,2000-08-26,11 22 23 33 35 39,13 29,,archive
1995,2000-09-02,6 10 25 28 35 38,32 45,,archive
1997,2000-09-09,12 24 29 32 43 45,19 36,,archive
1999,2000-09-16,1 8 20 31 32 37,22 44,,archive
2001,2000-09-23,3 22 24 28 36 40,17 23,,archive
2003,2000-09-30,1 3 6 7 11 24,10 31,,archive
2005,2000-10-07,3 7 8 23 25 34,9 41,,archive
2007,2000-10-14,11 23 27 38 43 44,12 21,,archive
2009,2000-10-21,1 12 22 26 38 44,23 36,,archive
2011,2000-10-28,10 16 21 31 39 42,26 36,,archive
2013,2000-11-04,1 9 17 22 26 30,36 37,,archive
2015,2000-11-11,8 21 26 28 35 39,22 29,,archive
2017,2000-11-18,2 9 19 38 40 42,7 36,,archive
2019,2000-11-25,4 15 19 30 33 38,16 27,,archive
2021,2000-12-02,2 13 15 20 25 40,24 30,,archive
2023,2000-12-09,10 11 22 26 28 37,19 25,,archive
2025,2000-12-16,4 5 18 38 42 43,14 23,,archive
2027,2000-12-23,8 10 19 21 27 45,2 35,,archive
2029,2000-12-30,7 18 26 27 34 43,17 28,,archive
2031,2001-01-06,6 10 20 31 38 44,2 30,,archive
2033,2001-01-13,6 20 24 35 39 42,1 25,,archive
2035,2001-01-20,4 7 9 15 27 43,32 34,,archive
2037,2001-01-27,10 24 26 37 39 44,3 23,,archive
2039,2001-02-03,5 14 20 22 30 40,26 39,,archive
2041,2001-02-10,5 11 12 29 41 44,14 42,,archive
2043,2001-02-17,5 24 25 26 37 45,11 17,,archive
2045,2001-02-24,2 6 10 12 13 33,4 23,,archive
2047,2001-03-03,8 12 13 31 37 40,5 20,,archive
2049,2001-03-10,4 5 17 18 29 36,1 41,,archive
2051,2001-03-17,1 17 24 32 34 41,7 11,,archive
2053,2001-03-24,16 23 26 30 33 45,14 39,,archive
2055,2001-03-31,3 7 16 32 37 38,1 2,,archive
2057,2001-04-07,10 20 21 27 32 33,11 18,,archive
2059,2001-04-14,6 7 17 19 20 23,14 41,,archive
2061,2001-04-21,4 5 28 31 37 45,26 36,,archive
2063,2001-04-28,4 5 7 12 24 36,15 33,,archive
2065,2001-05-05,9 24 29 31 32 33,44 45,,archive
2067,2001-05-12,14 17 19 20 24 38,16 31,,archive
2069,2001-05-19,1 5 12 22 27 30,3 32,,archive
2071,2001-05-26,5 7 25 26 33 45,6 15,,archive
2073,2001-06-02,3 12 19 23 24 30,37 40,,archive
2075,2001-06-09,3 5 20 22 36 38,13 19,,archive
2077,2001-06-16,15 17 28 34 36 42,5 19,,archive
2079,2001-06-23,1 8 14 20 22 45,4 32,,archive
2081,2001-06-30,2 3 5 9 25 43,30 37,,archive
2083,2001-07-07,1 2 4 18 23 41,16 39,,archive
2085,2001-07-14,15 17 21 25 30 33,2 20,,archive
2087,2001-07-21,6 19 31 34 36 38,16 23,,archive
2089,2001-07-28,7 14 23 28 34 41,1 39,,archive
2091,2001-08-04,3 4 12 14 20 29,15 42,,archive
2093,2001-08-11,12 20 31 33 34 44,16 29,,archive
2095,2001-08-18,2 9 12 14 35 37,39 42,,archive
2097,2001-08-25,18 24 26 27 39 42,33 41,,archive
2099,2001-09-01,2 12 18 23 29 40,8 44,,archive
2101,2001-09-08,3 20 27 31 41 44,4 39,,archive
2103,2001-09-15,15 22 25 34 35 41,28 42,,archive
2105,2001-09-22,8 9 13 22 26 34,11 39,,archive
2107,2001-09-29,14 17 30 32 37 40,15 19,,archive
2109,2001-10-06,4 8 16 18 22 42,9 35,,archive
2111,2001-10-13,5 11 15 16 20 37,10 32,,archive
2113,2001-10-20,1 7 13 25 36 41,10 27,,archive
2115,2001-10-27,10 14 21 22 37 45,4 26,,archive
2117,2001-11-03,4 7 15 27 43 45,3 21,,archive
2119,2001-11-10,3 8 9 18 35 42,40 44,,archive
2121,2001-11-17,4 14 16 18 28 44,7 33,,archive
2123,2001-11-24,3 11 16 17 28 38,7 34,,archive
2125,2001-12-01,5 7 18 21 22 29,23 40,,archive
2127,2001-12-08,12 25 26 29 35 39,17 38,,archive
2129,2001-12-15,12 16 17 32 41 45,1 42,,archive
2131,2001-12-22,1 6 7 23 33 38,5 16,,archive
2133,2001-12-29,2 10 26 32 38 40,16 17,,archive
2135,2002-01-05,7 9 23 24 35 44,2 26,,archive
2137,2002-01-12,1 2 14 20 30 43,21 41,,archive
2139,2002-01-19,11 18 22 32 36 37,12 13,,archive
2141,2002-01-26,2 9 11 22 24 43,29 37,,archive
2143,2002-02-02,1 6 7 19 23 36,37 41,,archive
2145,2002-02-09,11 12 37 39 41 42,20 33,,archive
2147,2002-02-16,14 17 26 28 37 41,23 29,,archive
2149,2002-02-23,4 13 16 19 34 41,7 9,,archive
2151,2002-03-02,9 12 14 19 22 24,30 32,,archive
2153,2002-03-09,10 25 38 42 44 45,14 22,,archive
2155,2002-03-16,1 7 25 27 36 43,11 35,,archive
2157,2002-03-23,1 4 7 8 21 42,36 41,,archive
2159,2002-03-30,26 31 32 36 40 45,27 38,,archive
2161,2002-04-06,3 15 29 31 36 45,2 43,,archive
2163,2002-04-13,4 17 21 26 32 40,15 31,,archive
2165,2002-04-20,5 14 22 32 35 40,8 16,,archive
2167,2002-04-27,8 24 28 32 34 40,36 37,,archive
2169,2002-05-04,1 8 22 27 30 40,6 44,,archive
2171,2002-05-11,2 8 17 23 25 33,11 43,,archive
2173,2002-05-18,10 32 36 38 39 40,28 30,,archive
2175,2002-05-25,5 6 8 21 22 27,10 40,,archive
2177,2002-06-01,6 14 17 22 23 34,8 24,,archive
2179,2002-06-08,7 8 18 30 31 33,32 38,,archive
2181,2002-06-15,2 17 27 30 34 45,11 39,,archive
2183,2002-06-22,5 17 31 36 43 45,24 41,,archive
2185,2002-06-29,2 3 5 29 30 38,22 28,,archive
2187,2002-07-06,10 14 25 33 43 45,3 26,,archive
2189,2002-07-13,7 17 20 23 27 42,4 29,,archive
2191,2002-07-20,6 8 11 21 39 44,17 30,,archive
2193,2002-07-27,1 6 13 19 27 36,17 44,,archive
2195,2002-08-03,2 8 11 21 27 41,6 18,,archive
2197,2002-08-10,5 19 28 29 39 41,33 43,,archive
2199,2002-08-17,9 15 19 20 23 26,33 40,,archive
2201,2002-08-24,3 12 31 35 39 45,20 44,,archive
2203,2002-08-31,2 10 16 31 35 40,4 9,,archive
2205,2002-09-07,3 7 20 22 35 45,32 40,,archive
2207,2002-09-14,10 11 23 28 38 41,8 20,,archive
2209,2002-09-21,5 6 7 19 21 26,24 41,,archive
2211,2002-09-28,12 21 22 25 37 39,6 19,,archive
2213,2002-10-05,1 3 8 20 27 36,32 37,,archive
2215,2002-10-12,1 10 17 29 38 41,2 6,,archive
2217,2002-10-19,5 8 19 21 22 31,12 34,,archive
2219,2002-10-26,7 31 32 39 40 44,4 12,,archive
2221,2002-11-02,9 13 14 25 31 34,44 45,,archive
2223,2002-11-09,15 26 31 36 37 41,18 39,,archive
2225,2002-11-16,17 22 31 39 42 43,7 38,,archive
2227,2002-11-23,7 21 22 34 37 38,2 13,,archive
2229,2002-11-30,1 11 12 37 41 43,21 32,,archive
2231,2002-12-07,22 23 32 35 39 44,16 31,,archive
2233,2002-12-14,2 5 9 28 30 42,4 36,,archive
2235,2002-12-21,5 6 7 29 34 43,11 33,,archive
2237,2002-12-28,1 4 6 24 29 40,2 9,,archive
2239,2003-01-04,8 18 24 25 27 30,13 43,,archive
2241,2003-01-11,1 3 9 10 21 33,13 40,,archive
2243,2003-01-18,6 7 19 20 35 42,34 40,,archive
2245,2003-01-25,5 7 18 34 35 42,28 39,,archive
2247,2003-02-01,15 16 20 29 33 34,12 28,,archive
2249,2003-02-08,10 13 14 15 26 29,8 28,,archive
2251,2003-02-15,8 22 31 35 37 43,13 27,,archive
2253,2003-02-22,11 15 26 32 40 45,2 17,,archive
2255,2003-03-01,12 15 23 30 36 42,22 24,,archive
2257,2003-03-08,2 17 19 21 30 41,15 16,,archive
2259,2003-03-15,1 8 13 24 35 42,21 37,,archive
2261,2003-03-22,7 15 16 21 22 27,36 45,,archive
2263,2003-03-29,6 10 14 25 28 45,26 44,,archive
2265,2003-04-05,3 11 12 24 28 32,2 15,,archive
2267,2003-04-12,4 7 8 31 32 36,12 14,,archive
2269,2003-04-19,8 9 12 15 26 33,6 29,,archive
2271,2003-04-26,15 16 21 22 29 34,8 33,,archive
2273,2003-05-03,8 9 10 12 21 32,14 28,,archive
2275,2003-05-10,3 4 5 7 31 38,9 45,,archive
2277,2003-05-17,5 17 22 28 38 42,20 32,,archive
2279,2003-05-24,1 4 5 8 28 41,25 38,,archive
2281,2003-05-31,3 21 25 36 43 45,16 39,,archive
2283,2003-06-07,2 8 18 24 39 41,3 21,,archive
2285,2003-06-14,1 5 17 18 30 40,20 23,,archive
2287,2003-06-21,3 5 8 16 26 31,2 6,,archive
2289,2003-06-28,1 25 31 33 44 45,35 39,,archive
2291,2003-07-05,3 16 21 28 40 42,13 31,,archive
2293,2003-07-12,6 12 16 23 26 30,9 38,,archive
2295,2003-07-19,2 5 7 20 25 30,28 42,,archive
2297,2003-07-26,15 21 25 27 35 40,19 41,,archive
2299,2003-08-02,7 18 26 33 37 43,3 13,,archive
2301,2003-08-09,1 7 10 23 25 42,8 9,,archive
2303,2003-08-16,4 21 27 31 40 43,8 39,,archive
2305,2003-08-23,8 13 20 26 36 42,14 32,,archive
2307,2003-08-30,5 20 25 33 40 43,32 45,,archive
2309,2003-09-06,5 11 15 19 20 28,27 38,,archive
2311,2003-09-13,8 15 29 32 35 39,2 6,,archive
2313,2003-09-20,7 14 19 34 36 45,24 32,,archive
2315,2003-09-27,7 9 15 18 26 31,29 40,,archive
2317,2003-10-04,10 11 18 22 25 36,12 16,,archive
2319,2003-10-11,3 5 16 17 40 45,10 32,,archive
2321,2003-10-18,3 17 26 32 33 40,7 35,,archive
2323,2003-10-25,6 8 27 31 32 38,4 30,,archive
2325,2003-11-01,1 4 6 21 37 40,19 29,,archive
2327,2003-11-08,6 11 24 37 40 42,12 27,,archive
2329,2003-11-15,15 23 28 29 34 39,40 45,,archive
2331,2003-11-22,1 3 19 33 41 45,9 28,,archive
2333,2003-11-29,3 13 24 38 39 42,8 18,,archive
2335,2003-12-06,1 10 18 25 35 37,33 36,,archive
2337,2003-12-13,4 28 29 33 37 40,43 44,,archive
2339,2003-12-20,1 5 6 11 28 36,41 45,,archive
2341,2003-12-27,15 24 26 31 34 43,3 21,,archive
2343,2004-01-03,5 9 18 22 26 37,12 25,,archive
2345,2004-01-10,4 7 18 27 33 37,39 43,,archive
2347,2004-01-17,6 9 10 11 16 42,31 41,,archive
2349,2004-01-24,12 13 15 26 34 39,27 41,,archive
2351,2004-01-31,3 12 16 18 34 37,7 30,,archive
2353,2004-02-07,4 5 10 19 28 32,1 13,,archive
2355,2004-02-14,7 8 17 27 37 45,19 30,,archive
2357,2004-02-21,4 25 26 31 32 33,2 42,,archive
2359,2004-02-28,1 8 20 27 28 36,11 16,,archive
2361,2004-03-06,1 9 25 28 36 44,6 15,,archive
2363,2004-03-13,6 13 15 18 27 45,9 19,,archive
2365,2004-03-20,5 8 13 20 32 37,10 25,,archive
2367,2004-03-27,1 15 17 38 40 41,21 37,,archive
2369,2004-04-03,6 22 30 32 39 45,2 26,,archive
2371,2004-04-10,4 7 13 22 29 42,28 34,,archive
2373,2004-04-17,7 12 13 15 27 33,1 2,,archive
2375,2004-04-24,1 3 11 34 37 39,2 6,,archive
2377,2004-05-01,8 22 28 38 40 43,5 36,,archive
2379,2004-05-08,3 14 19 26 29 31,18 24,,archive
2381,2004-05-15,11 25 35 40 41 44,27 29,,archive
2383,2004-05-22,4 22 24 28 29 33,18 35,,archive
2385,2004-05-29,6 13 16 34 36 38,26 29,,archive
2387,2004-06-05,17 18 31 35 36 44,21 25,,archive
2389,2004-06-12,4 6 8 9 13 21,5 43,,archive
2391,2004-06-19,3 5 7 24 33 40,4 6,,archive
2393,2004-06-26,6 7 12 21 39 44,10 36,,archive
2395,2004-07-03,1 3 9 14 21 27,5 35,,archive
2397,2004-07-10,11 12 20 22 29 37,1 40,,archive
2399,2004-07-17,4 10 26 35 36 39,5 42,,archive
2401,2004-07-24,18 26 29 33 39 41,24 30,,archive
2403,2004-07-31,9 13 15 20 36 41,7 32,,archive
2405,2004-08-07,3 19 24 35 40 45,33 38,,archive
2407,2004-08-14,23 32 36 38 41 42,7 30,,archive
2409,2004-08-21,5 6 10 16 36 42,15 22,,archive
2411,2004-08-28,21 22 35 40 42 45,27 33,,archive
2413,2004-09-04,3 9 23 32 33 37,24 35,,archive
2415,2004-09-11,2 6 28 35 36 42,29 32,,archive
2417,2004-09-18,19 22 25 26 36 43,12 28,,archive
2419,2004-09-25,1 2 14 35 36 39,13 42,,archive
2421,2004-10-02,11 19 21 23 25 27,1 43,,archive
2423,2004-10-09,7 22 32 33 40 43,1 5,,archive
2425,2004-10-16,2 14 15 20 29 30,28 34,,archive
2427,2004-10-23,4 14 17 20 31 38,1 23,,archive
2429,2004-10-30,5 12 21 36 40 41,2 43,,archive
2431,2004-11-06,3 8 9 36 38 41,2 30,,archive
2433,2004-11-13,4 12 18 28 30 36,8 10,,archive
2435,2004-11-20,6 9 12 17 22 32,20 23,,archive
2437,2004-11-27,12 15 21 25 32 40,14 43,,archive
2439,2004-12-04,14 21 28 29 36 44,11 12,,archive
2441,2004-12-11,21 22 29 38 40 44,35 39,,archive
2443,2004-12-18,11 16 31 34 44 45,1 38,,archive
2445,2004-12-25,3 8 23 25 28 42,1 21,,archive
2447,2004-12-31,4 7 8 10 21 25,9 37,,archive
2449,2005-01-08,10 17 18 19 29 39,15 37,,archive
2451,2005-01-15,1 18 23 28 32 33,3 40,,archive
2453,2005-01-22,2 4 5 17 31 36,9 41,,archive
2455,2005-01-29,13 20 21 34 42 45,2 31,,archive
2457,2005-02-05,3 12 14 19 23 28,24 31,,archive
2459,2005-02-12,4 10 13 19 30 40,22 39,,archive
2461,2005-02-19,4 6 7 35 38 41,5 43,,archive
2463,2005-02-26,1 2 6 24 26 36,11 45,,archive
2465,2005-03-05,13 15 37 39 42 45,12 23,,archive
2467,2005-03-12,6 7 17 24 31 38,32 36,,archive
2469,2005-03-19,1 15 19 20 25 41,11 24,,archive
2471,2005-03-26,13 18 19 23 28 32,6 8,,archive
2473,2005-04-02,9 10 18 19 30 45,20 29,,archive
2475,2005-04-09,6 7 14 15 34 43,22 35,,archive
2477,2005-04-16,7 11 26 34 35 45,27 44,,archive
2479,2005-04-23,18 22 26 31 34 43,14 42,,archive
2481,2005-04-30,14 17 31 33 34 36,25 27,,archive
2483,2005-05-07,3 7 13 33 36 45,17 27,,archive
2485,2005-05-14,2 7 27 37 38 39,15 41,,archive
2487,2005-05-21,6 21 22 29 40 41,7 8,,archive
2489,2005-05-28,6 12 15 25 34 45,23 40,,archive
2491,2005-06-04,13 15 21 33 35 37,5 9,,archive
2493,2005-06-11,3 4 5 23 28 42,12 41,,archive
2495,2005-06-18,8 9 13 15 31 43,39 44,,archive
2497,2005-06-25,6 12 27 32 34 37,25 42,,archive
2499,2005-07-02,3 19 26 37 39 45,32 44,,archive
2501,2005-07-09,3 4 10 33 44 45,13 26,,archive
2503,2005-07-16,3 11 12 13 32 34,14 33,,archive
2505,2005-07-23,7 8 11 16 23 42,15 43,,archive
2507,2005-07-30,1 7 10 22 26 40,35 45,,archive
2509,2005-08-06,2 6 8 23 28 40,34 35,,archive
2511,2005-08-13,5 33 38 39 40 42,35 43,,archive
2513,2005-08-20,19 24 25 27 28 36,10 40,,archive
2515,2005-08-27,5 13 24 25 27 39,29 43,,archive
2517,2005-09-03,13 19 23 33 40 41,1 10,,archive
2519,2005-09-10,3 13 24 36 39 40,17 34,,archive
2521,2005-09-17,8 12 17 21 36 39,4 33,,archive
2523,2005-09-24,4 5 8 13 24 35,12 21,,archive
2525,2005-10-01,13 16 24 27 35 36,38 40,,archive
2527,2005-10-08,1 5 11 12 17 34,29 42,,archive
2529,2005-10-15,2 7 8 12 22 36,19 44,,archive
2531,2005-10-22,2 14 15 37 39 44,18 34,,archive
2533,2005-10-29,1 13 23 27 33 44,18 20,,archive
2535,2005-11-05,8 9 25 26 30 32,5 21,,archive
2537,2005-11-12,7 11 12 18 19 20,15 41,,archive
2539,2005-11-19,19 20 21 26 27 40,15 31,,archive
2541,2005-11-26,11 22 32 33 37 38,7 19,,archive
2543,2005-12-03,4 6 17 20 21 38,22 45,,archive
2545,2005-12-10,1 6 10 29 36 41,21 37,,archive
2547,2005-12-17,2 4 13 19 20 41,22 29,,archive
2549,2005-12-24,5 9 20 23 26 35,28 31,,archive
2551,2005-12-31,9 12 15 20 39 43,14 25,,archive
2553,2006-01-07,8 12 14 28 32 36,23 45,,archive
2555,2006-01-14,3 11 19 26 42 44,20 39,,archive
2557,2006-01-21,12 17 21 29 31 42,32 43,,archive
2559,2006-01-28,2 13 24 28 31 40,7 21,,archive
2561,2006-02-04,5 15 21 27 37 43,16 42,,archive
2563,2006-02-11,12 16 21 24 28 42,6 43,,archive
2565,2006-02-18,11 21 22 25 32 45,5 44,,archive
2567,2006-02-25,5 8 21 22 32 41,23 28,,archive
2569,2006-03-04,11 29 32 33 42 43,10 23,,archive
2571,2006-03-11,4 6 21 23 28 43,2 15,,archive
2573,2006-03-18,18 24 25 36 40 41,9 14,,archive
2575,2006-03-25,8 14 17 30 31 34,6 40,,archive
2577,2006-04-01,4 8 14 16 35 45,26 44,,archive
2579,2006-04-08,3 7 10 11 21 32,34 36,,archive
2581,2006-04-15,3 17 18 19 23 36,20 29,,archive
2583,2006-04-22,10 12 13 20 37 38,33 34,,archive
2585,2006-04-29,18 19 25 32 37 39,15 27,,archive
2587,2006-05-06,18 23 29 32 38 42,9 30,,archive
2589,2006-05-13,2 9 14 18 25 40,15 44,,archive
2591,2006-05-20,8 10 37 38 39 44,6 22,,archive
2593,2006-05-27,9 12 18 24 33 43,35 45,,archive
2595,2006-06-03,2 21 33 40 41 42,28 43,,archive
2597,2006-06-10,2 5 16 25 40 42,33 43,,archive
2599,2006-06-17,3 11 15 22 27 38,14 44,,archive
2601,2006-06-24,3 7 8 13 14 23,19 31,,archive
2603,2006-07-01,3 14 33 42 44 45,12 39,,archive
2605,2006-07-08,6 11 15 21 32 36,16 18,,archive
2607,2006-07-15,11 22 23 24 38 39,14 21,,archive
2609,2006-07-22,14 22 29 30 39 41,6 21,,archive
2611,2006-07-29,5 7 16 26 27 37,1 14,,archive
2613,2006-08-05,1 10 19 33 37 41,6 23,,archive
2615,2006-08-12,2 6 14 21 24 45,15 25,,archive
2617,2006-08-19,3 22 34 35 39 40,27 33,,archive
2619,2006-08-26,6 7 25 33 35 45,4 41,,archive
2621,2006-09-02,17 20 37 40 42 45,21 36,,archive
2623,2006-09-09,3 9 17 22 23 37,26 31,,archive
2625,2006-09-16,12 23 31 33 34 38,6 27,,archive
2627,2006-09-23,6 12 13 34 38 41,10 14,,archive
2629,2006-09-30,7 19 26 35 41 42,30 37,,archive
2631,2006-10-07,1 6 8 13 18 40,15 29,,archive
2633,2006-10-14,3 6 12 27 42 45,10 23,,archive
2635,2006-10-21,9 19 22 24 29 31,16 34,,archive
2637,2006-10-28,4 15 18 34 35 36,3 10,,archive
2639,2006-11-04,1 6 7 15 19 21,37 45,,archive
2641,2006-11-11,6 22 32 33 36 37,1 11,,archive
2643,2006-11-18,21 22 24 37 38 43,14 40,,archive
2645,2006-11-25,2 7 14 26 37 40,25 45,,archive
2647,2006-12-02,11 14 16 23 33 41,26 43,,archive
2649,2006-12-09,1 4 7 25 36 41,6 31,,archive
2651,2006-12-16,9 11 17 26 27 37,43 44,,archive
2653,2006-12-23,2 15 18 29 32 43,23 34,,archive
2655,2006-12-30,2 4 9 21 28 36,23 45,,archive
2657,2007-01-06,4 21 22 24 25 26,7 38,,archive
2659,2007-01-13,4 12 13 16 33 42,20 44,,archive
2661,2007-01-20,4 5 20 24 25 33,22 35,,archive
2663,2007-01-27,1 10 14 16 32 34,8 27,,archive
2665,2007-02-03,5 6 7 18 21 25,13 14,,archive
2667,2007-02-10,5 11 16 22 25 27,21 32,,archive
2669,2007-02-17,3 5 12 16 27 30,28 36,,archive
2671,2007-02-24,9 17 20 38 44 45,8 36,,archive
2673,2007-03-03,3 10 11 17 32 44,25 39,,archive
2675,2007-03-10,7 10 12 18 31 39,37 44,,archive
2677,2007-03-17,1 2 23 27 34 42,28 40,,archive
2679,2007-03-24,8 11 15 23 38 41,1 35,,archive
2681,2007-03-31,2 5 7 8 23 36,17 19,,archive
2683,2007-04-07,4 11 17 41 43 45,6 44,,archive
2685,2007-04-14,19 23 33 38 42 45,7 24,,archive
2687,2007-04-21,3 4 6 18 24 38,7 29,,archive
2689,2007-04-28,2 10 19 20 25 27,17 23,,archive
2691,2007-05-05,3 17 29 31 32 35,16 39,,archive
2693,2007-05-12,11 12 26 32 38 39,15 37,,archive
2695,2007-05-19,15 17 18 27 28 29,7 23,,archive
2697,2007-05-26,2 9 25 29 42 44,34 38,,archive
2699,2007-06-02,19 21 23 25 40 42,11 33,,archive
2701,2007-06-09,8 11 14 17 18 44,3 7,,archive
2703,2007-06-16,7 8 9 21 31 41,34 36,,archive
2705,2007-06-23,1 18 23 36 37 38,22 45,,archive
2707,2007-06-30,6 10 11 16 26 33,3 28,,archive
2709,2007-07-07,12 20 23 30 32 39,2 10,,archive
2711,2007-07-14,11 18 21 30 32 36,4 9,,archive
2713,2007-07-21,1 3 5 10 22 43,2 23,,archive
2715,2007-07-28,2 6 16 21 38 42,22 28,,archive
2717,2007-08-04,8 12 21 25 27 33,35 45,,archive
2719,2007-08-11,9 17 18 20 27 41,7 10,,archive
2721,2007-08-18,2 6 9 17 32 40,39 43,,archive
2723,2007-08-25,3 4 5 12 28 31,11 34,,archive
2725,2007-09-01,1 11 15 25 43 45,9 24,,archive
2727,2007-09-08,18 27 33 34 38 41,11 31,,archive
2729,2007-09-15,1 17 29 30 39 44,4 11,,archive
2731,2007-09-22,7 16 19 22 23 34,25 41,,archive
2733,2007-09-29,7 15 18 25 34 42,1 28,,archive
2735,2007-10-06,6 18 22 33 38 45,11 41,,archive
2737,2007-10-13,6 10 14 23 34 36,2 12,,archive
2739,2007-10-20,5 17 19 20 38 40,9 42,,archive
2741,2007-10-27,9 23 26 34 40 44,1 41,,archive
2743,2007-11-03,14 16 32 34 40 43,10 19,,archive
2745,2007-11-10,5 6 16 22 24 36,7 42,,archive
2747,2007-11-17,5 6 20 23 25 35,28 30,,archive
2749,2007-11-24,2 6 10 20 31 41,12 19,,archive
2751,2007-12-01,1 6 16 19 38 44,8 17,,archive
2753,2007-12-08,16 17 28 37 42 43,13 41,,archive
2755,2007-12-15,1 7 8 35 37 41,5 23,,archive
2757,2007-12-22,3 22 26 27 29 30,11 21,,archive
2759,2007-12-29,2 21 22 26 39 45,5 11,,archive
2761,2008-01-05,4 7 13 21 29 38,8 34,,archive
2763,2008-01-12,3 15 24 35 41 42,11 16,,archive
2765,2008-01-19,3 19 22 29 37 43,12 15,,archive
2767,2008-01-26,4 12 19 24 35 40,26 29,,archive
2769,2008-02-02,12 26 30 31 40 42,2 4,,archive
2771,2008-02-09,9 10 21 26 28 31,12 14,,archive
2773,2008-02-16,1 9 13 19 24 41,34 38,,archive
2775,2008-02-23,21 24 34 39 42 43,4 28,,archive
2777,2008-03-01,5 15 18 19 21 30,33 34,,archive
2779,2008-03-08,3 11 31 35 41 44,40 45,,archive
2781,2008-03-15,6 10 26 35 39 43,21 27,,archive
2783,2008-03-22,3 10 21 27 29 36,20 44,,archive
2785,2008-03-29,5 8 17 29 32 40,2 38,,archive
2787,2008-04-05,3 5 13 26 29 32,8 43,,archive
2789,2008-04-12,20 21 31 32 38 39,2 11,,archive
2791,2008-04-19,18 23 25 33 37 43,12 15,,archive
2793,2008-04-26,4 30 34 35 38 41,6 10,,archive
2795,2008-05-03,7 18 22 24 41 43,2 3,,archive
2797,2008-05-10,1 3 6 21 22 40,4 24,,archive
2799,2008-05-17,6 10 11 15 28 39,5 43,,archive
2801,2008-05-24,15 30 32 33 34 45,41 44,,archive
2803,2008-05-31,6 7 9 12 32 45,5 30,,archive
2805,2008-06-07,2 12 20 27 30 31,8 32,,archive
2807,2008-06-14,3 4 8 34 35 44,2 6,,archive
2809,2008-06-21,3 12 17 24 37 44,21 36,,archive
2811,2008-06-28,3 10 11 37 40 44,26 36,,archive
2813,2008-07-05,3 9 20 31 40 45,8 44,,archive
2815,2008-07-12,27 29 37 38 39 45,36 44,,archive
2817,2008-07-19,8 9 33 34 40 43,11 32,,archive
2819,2008-07-26,8 14 22 24 25 30,10 38,,archive
2821,2008-08-02,3 9 14 24 40 42,28 36,,archive
2823,2008-08-09,12 26 34 40 43 45,21 29,,archive
2825,2008-08-16,2 5 18 24 36 42,35 38,,archive
2827,2008-08-23,7 8 13 23 28 40,34 37,,archive
2829,2008-08-30,1 4 10 27 33 44,13 31,,archive
2831,2008-09-06,5 11 29 31 32 42,6 39,,archive
2833,2008-09-13,9 11 20 30 41 45,6 40,,archive
2835,2008-09-20,4 7 19 22 25 28,14 18,,archive
2837,2008-09-27,4 9 10 11 21 28,7 33,,archive
2839,2008-10-04,19 24 27 36 40 43,11 42,,archive
2841,2008-10-11,10 15 17 18 20 31,27 37,,archive
2843,2008-10-18,1 9 12 30 38 42,14 26,,archive
2845,2008-10-25,21 22 24 30 32 45,1 38,,archive
2847,2008-11-01,5 11 21 23 30 35,17 39,,archive
2849,2008-11-08,7 11 14 25 31 32,6 26,,archive
2851,2008-11-15,14 22 28 34 39 40,18 33,,archive
2853,2008-11-22,1 11 15 28 35 39,24 33,,archive
2855,2008-11-29,6 18 30 37 43 44,11 23,,archive
2857,2008-12-06,1 2 10 15 17 21,16 28,,archive
2859,2008-12-13,7 10 11 21 34 40,3 22,,archive
2861,2008-12-20,18 20 22 27 28 40,8 24,,archive
2863,2008-12-27,6 16 24 26 36 41,25 43,,archive
2865,2009-01-03,17 25 28 34 37 45,8 23,,archive
2867,2009-01-10,8 12 16 19 22 42,28 40,,archive
2869,2009-01-17,4 9 27 37 42 45,18 36,,archive
2871,2009-01-24,18 24 31 32 41 44,4 14,,archive
2873,2009-01-31,4 5 15 18 30 34,8 13,,archive
2875,2009-02-07,2 5 18 20 27 37,6 43,,archive
2877,2009-02-14,5 6 20 23 24 26,28 29,,archive
2879,2009-02-21,8 10 13 17 26 33,6 35,,archive
2881,2009-02-28,17 21 22 24 28 34,6 35,,archive
2883,2009-03-07,2 6 12 34 39 41,28 36,,archive
2885,2009-03-14,6 17 20 26 38 41,3 13,,archive
2887,2009-03-21,3 13 18 19 29 38,9 12,,archive
2889,2009-03-28,5 21 22 25 27 38,8 43,,archive
2891,2009-04-04,1 8 34 37 38 42,23 40,,archive
2893,2009-04-11,1 2 10 27 41 43,42 44,,archive
2895,2009-04-18,3 5 8 14 30 34,6 9,,archive
2897,2009-04-25,3 13 17 32 38 44,43 45,,archive
2899,2009-05-02,1 5 38 41 42 45,14 32,,archive
2901,2009-05-09,8 13 14 22 24 31,2 40,,archive
2903,2009-05-16,3 14 15 19 25 44,16 26,,archive
2905,2009-05-23,6 8 18 25 27 37,10 28,,archive
2907,2009-05-30,6 26 33 34 40 45,1 22,,archive
2909,2009-06-06,19 20 31 36 43 45,34 35,,archive
2911,2009-06-13,13 19 22 29 36 42,23 45,,archive
2913,2009-06-20,1 15 17 33 34 37,32 44,,archive
2915,2009-06-27,9 14 20 24 25 38,5 26,,archive
2917,2009-07-04,1 13 25 38 43 45,6 10,,archive
2919,2009-07-11,5 9 20 29 33 37,12 24,,archive
2921,2009-07-18,2 5 6 8 12 13,14 40,,archive
2923,2009-07-25,5 14 16 25 35 38,36 39,,archive
2925,2009-08-01,5 16 24 27 28 40,8 29,,archive
2927,2009-08-08,14 19 29 33 39 40,16 22,,archive
2929,2009-08-15,1 18 28 30 37 43,2 11,,archive
2931,2009-08-22,7 11 32 37 38 40,16 24,,archive
2933,2009-08-29,4 23 30 35 36 43,15 18,,archive
2935,2009-09-05,9 11 20 29 34 39,31 36,,archive
2937,2009-09-12,4 21 30 35 42 43,31 45,,archive
2939,2009-09-19,2 20 24 29 33 41,13 19,,archive
2941,2009-09-26,1 7 13 16 30 40,22 23,,archive
2943,2009-10-03,3 16 18 32 39 42,19 40,,archive
2945,2009-10-10,2 6 13 14 25 32,31 33,,archive
2947,2009-10-17,2 10 22 24 26 44,5 31,,archive
2949,2009-10-24,2 14 16 23 34 39,12 17,,archive
2951,2009-10-31,6 24 29 30 37 44,9 35,,archive
2953,2009-11-07,1 14 21 29 33 36,4 25,,archive
2955,2009-11-14,2 9 13 23 26 36,16 25,,archive
2957,2009-11-21,4 16 19 23 28 44,33 41,,archive
2959,2009-11-28,11 19 28 36 37 40,17 29,,archive
2961,2009-12-05,1 10 26 31 32 44,38 45,,archive
2963,2009-12-12,1 2 24 25 31 34,23 44,,archive
2965,2009-12-19,2 3 5 7 9 23,26 41,,archive
2967,2009-12-26,6 9 11 24 28 42,36 37,,archive
2969,2010-01-02,5 12 16 33 34 42,30 32,,archive
2971,2010-01-09,6 8 18 20 36 45,29 39,,archive
2973,2010-01-16,14 27 32 33 36 41,6 35,,archive
2975,2010-01-23,8 13 15 18 29 38,1 36,,archive
2977,2010-01-30,12 13 15 21 22 43,11 42,,archive
2979,2010-02-06,8 11 23 25 27 42,20 33,,archive
2981,2010-02-13,1 7 14 34 41 45,15 21,,archive
2983,2010-02-20,1 13 18 33 36 37,11 22,,archive
2985,2010-02-27,20 26 29 31 33 40,12 30,,archive
2987,2010-03-06,4 18 21 24 28 41,33 34,,archive
2989,2010-03-13,7 17 24 31 42 43,35 36,,archive
2991,2010-03-20,10 12 15 26 29 40,3 39,,archive
2993,2010-03-27,9 13 16 23 27 33,21 42,,archive
2995,2010-04-03,12 18 21 22 33 38,2 28,,archive
2997,2010-04-10,15 17 27 33 40 43,24 44,,archive
2999,2010-04-17,5 6 22 32 36 43,25 34,,archive
3001,2010-04-24,4 5 12 18 20 25,7 37,,archive
3003,2010-05-01,20 24 25 29 31 34,5 44,,archive
3005,2010-05-08,7 21 34 39 42 43,3 4,,archive
3007,2010-05-15,4 6 13 15 18 35,8 16,,archive
3009,2010-05-22,7 8 16 17 27 40,11 43,,archive
3011,2010-05-29,2 12 19 22 30 40,11 39,,archive
3013,2010-06-05,5 13 24 26 28 41,20 25,,archive
3015,2010-06-12,1 7 11 21 23 43,20 35,,archive
3017,2010-06-19,5 11 13 16 25 29,37 43,,archive
3019,2010-06-26,2 5 10 22 37 38,21 23,,archive
3021,2010-07-03,1 6 10 15 26 40,4 36,,archive
3023,2010-07-10,17 23 30 38 40 42,15 24,,archive
3025,2010-07-17,2 11 17 19 39 40,14 20,,archive
3027,2010-07-24,6 13 16 24 30 33,34 43,,archive
3029,2010-07-31,4 14 25 35 41 43,6 28,,archive
3031,2010-08-07,5 28 35 39 40 41,21 36,,archive
3033,2010-08-14,2 12 13 29 31 40,21 25,,archive
3035,2010-08-21,1 8 11 16 31 38,15 33,,archive
3037,2010-08-28,3 9 11 29 30 34,10 38,,archive
3039,2010-09-04,1 20 28 35 36 44,3 21,,archive
3041,2010-09-11,5 11 15 36 42 44,1 4,,archive
3043,2010-09-18,7 18 31 35 40 44,15 38,,archive
3045,2010-09-25,12 22 24 26 31 38,19 29,,archive
3047,2010-10-02,8 9 29 33 37 42,1 3,,archive
3049,2010-10-09,1 11 24 26 32 36,8 14,,archive
3051,2010-10-16,15 19 28 36 39 41,11 34,,archive
3053,2010-10-23,12 23 31 34 39 43,1 9,,archive
3055,2010-10-30,4 6 7 27 31 45,15 20,,archive
3057,2010-11-06,15 24 25 28 30 39,7 45,,archive
3059,2010-11-13,14 15 26 27 35 41,23 38,,archive
3061,2010-11-20,7 19 21 25 38 42,27 32,,archive
3063,2010-11-27,2 12 15 24 35 37,5 40,,archive
3065,2010-12-04,9 10 12 13 39 43,1 31,,archive
3067,2010-12-11,10 16 18 26 32 33,12 19,,archive
3069,2010-12-18,4 13 25 26 42 44,15 22,,archive
3071,2010-12-25,4 11 12 22 29 38,30 41,,archive
3073,2010-12-31,10 11 13 19 24 41,3 17,,archive
3075,2011-01-08,5 6 19 23 35 38,18 22,,archive
3077,2011-01-15,10 12 23 26 27 31,4 24,,archive
3079,2011-01-22,3 15 17 21 34 43,16 41,,archive
3081,2011-01-29,2 11 15 19 20 25,1 13,,archive
3083,2011-02-05,5 11 19 30 42 45,18 24,,archive
3085,2011-02-12,4 9 10 26 38 44,23 40,,archive
3087,2011-02-19,1 5 14 23 41 45,2 8,,archive
3089,2011-02-26,1 4 21 23 24 43,10 32,,archive
3091,2011-03-05,12 19 22 26 32 33,1 8,,archive
3093,2011-03-12,4 13 17 21 38 40,18 32,,archive
3095,2011-03-19,2 6 7 8 18 21,11 24,,archive
3097,2011-03-26,1 14 23 34 41 42,27 37,,archive
3099,2011-04-02,10 14 24 30 40 41,2 8,,archive
3101,2011-04-09,3 4 11 13 41 45,8 39,,archive
3103,2011-04-16,1 14 18 22 23 29,28 39,,archive
3105,2011-04-23,5 10 13 25 32 37,24 41,,archive
3107,2011-04-30,1 7 15 33 35 40,39 45,,archive
3109,2011-05-07,12 24 26 28 39 44,4 36,,archive
3111,2011-05-14,4 10 18 22 31 45,24 40,,archive
3113,2011-05-21,8 13 15 19 27 43,16 34,,archive
3115,2011-05-28,1 9 11 13 33 35,22 30,,archive
3117,2011-06-04,1 19 22 23 27 45,3 38,,archive
3119,2011-06-11,3 11 17 30 36 38,15 42,,archive
3121,2011-06-18,1 6 14 19 32 42,10 34,,archive
3123,2011-06-25,10 11 12 15 22 28,5 13,,archive
3125,2011-07-02,6 10 14 17 39 40,3 5,,archive
3127,2011-07-09,15 32 34 36 41 45,39 40,,archive
3129,2011-07-16,11 16 17 29 35 38,24 34,,archive
3131,2011-07-23,1 4 22 24 31 33,6 10,,archive
3133,2011-07-30,2 5 9 16 23 31,34 38,,archive
3135,2011-08-06,4 6 9 27 39 43,16 34,,archive
3137,2011-08-13,8 13 15 22 33 34,10 41,,archive
3139,2011-08-20,3 24 26 30 32 39,4 8,,archive
3141,2011-08-27,4 8 16 32 33 34,26 29,,archive
3143,2011-09-03,1 7 21 22 23 27,29 40,,archive
3145,2011-09-10,10 20 21 25 38 39,4 43,,archive
3147,2011-09-17,8 10 12 21 37 42,33 40,,archive
3149,2011-09-24,7 10 11 14 37 39,20 40,,archive
3151,2011-10-01,19 25 30 38 42 44,4 20,,archive
3153,2011-10-08,7 18 22 37 38 39,23 27,,archive
3155,2011-10-15,8 12 18 21 24 30,33 37,,archive
3157,2011-10-22,7 19 28 29 43 45,24 27,,archive
3159,2011-10-29,11 12 15 20 32 33,14 19,,archive
3161,2011-11-05,2 6 12 18 44 45,28 32,,archive
3163,2011-11-12,4 5 10 17 22 40,8 38,,archive
3165,2011-11-19,9 18 23 24 33 36,4 34,,archive
3167,2011-11-26,9 12 22 28 41 42,24 27,,archive
3169,2011-12-03,2 9 13 18 26 44,1 7,,archive
3171,2011-12-10,9 18 29 32 33 41,27 45,,archive
3173,2011-12-17,6 11 12 24 26 36,27 43,,archive
3175,2011-12-24,1 4 7 9 12 30,28 41,,archive
3177,2011-12-31,7 8 28 33 38 41,4 37,,archive
3179,2012-01-07,19 29 30 33 44 45,6 13,,archive
3181,2012-01-14,13 16 18 19 23 28,8 37,,archive
3183,2012-01-21,2 9 14 22 31 33,12 30,,archive
3185,2012-01-28,22 28 31 32 40 43,26 37,,archive
3187,2012-02-04,3 10 20 28 40 41,11 17,,archive
3189,2012-02-11,3 13 17 21 25 35,4 9,,archive
3191,2012-02-18,3 13 14 32 37 38,17 29,,archive
3193,2012-02-25,12 14 18 19 30 38,29 42,,archive
3195,2012-03-03,4 5 11 12 14 31,6 16,,archive
3197,2012-03-10,20 21 26 32 41 43,6 22,,archive
3199,2012-03-17,4 10 21 30 41 42,27 34,,archive
3201,2012-03-24,17 27 29 39 42 45,8 10,,archive
3203,2012-03-31,2 6 26 29 41 43,1 7,,archive
3205,2012-04-07,17 26 27 28 30 38,7 23,,archive
3207,2012-04-14,7 8 13 18 25 43,4 17,,archive
3209,2012-04-21,1 2 15 16 21 28,35 40,,archive
3211,2012-04-28,4 5 12 23 31 33,3 9,,archive
3213,2012-05-05,7 9 12 15 27 40,4 11,,archive
3215,2012-05-12,1 2 14 16 19 45,23 30,,archive
3217,2012-05-19,9 12 28 29 32 41,2 21,,archive
3219,2012-05-26,10 13 22 36 37 38,28 42,,archive
3221,2012-06-02,6 17 18 31 36 43,13 33,,archive
3223,2012-06-09,1 4 16 26 27 32,31 40,,archive
3225,2012-06-16,16 18 25 35 36 40,2 21,,archive
3227,2012-06-23,2 16 19 29 30 31,10 11,,archive
3229,2012-06-30,8 30 32 33 37 40,14 34,,archive
3231,2012-07-07,2 15 21 31 37 38,6 29,,archive
3233,2012-07-14,17 30 36 41 42 45,20 35,,archive
3235,2012-07-21,3 6 7 9 23 43,14 25,,archive
3237,2012-07-28,1 27 28 33 37 42,17 29,,archive
3239,2012-08-04,16 19 20 37 39 43,3 27,,archive
3241,2012-08-11,21 22 27 31 32 38,10 16,,archive
3243,2012-08-18,10 11 15 30 34 36,16 19,,archive
3245,2012-08-25,4 17 21 27 28 30,8 25,,archive
3247,2012-09-01,9 19 24 28 29 31,5 15,,archive
3249,2012-09-08,4 5 7 15 35 38,1 30,,archive
3251,2012-09-15,2 11 19 23 32 34,10 39,,archive
3253,2012-09-22,1 17 19 32 34 45,22 38,,archive
3255,2012-09-29,9 10 16 25 32 34,40 44,,archive
3257,2012-10-06,18 20 23 32 40 42,3 33,,archive
3259,2012-10-13,2 11 13 15 26 40,30 32,,archive
3261,2012-10-20,10 25 26 27 32 35,12 16,,archive
3263,2012-10-27,5 6 25 33 34 44,23 31,,archive
3265,2012-11-03,7 12 20 31 38 43,6 25,,archive
3267,2012-11-10,1 4 25 27 40 41,26 37,,archive
3269,2012-11-17,5 8 11 20 29 33,28 38,,archive
3271,2012-11-24,17 26 30 32 42 43,6 12,,archive
3273,2012-12-01,11 17 25 30 40 41,32 42,,archive
3275,2012-12-08,6 13 16 33 36 41,4 15,,archive
3277,2012-12-15,5 7 9 16 20 41,6 11,,archive
3279,2012-12-22,1 4 10 17 29 45,5 38,,archive
3281,2012-12-29,7 14 15 25 35 37,3 20,,archive
3283,2013-01-05,20 28 30 31 32 37,1 34,,archive
3285,2013-01-12,2 6 11 15 31 34,16 30,,archive
3287,2013-01-19,4 11 14 16 19 25,18 34,,archive
3289,2013-01-26,6 12 25 36 39 43,8 18,,archive
3291,2013-02-02,5 18 29 31 44 45,12 38,,archive
3293,2013-02-09,8 29 30 33 36 41,9 23,,archive
3295,2013-02-16,1 6 16 17 18 34,13 33,,archive
3297,2013-02-23,6 8 13 29 34 39,9 20,,archive
3299,2013-03-02,11 13 18 20 42 43,12 30,,archive
3301,2013-03-09,7 10 12 28 44 45,3 35,,archive
3303,2013-03-16,4 24 25 29 32 43,26 38,,archive
3305,2013-03-23,2 3 12 13 16 30,5 17,,archive
3307,2013-03-30,4 29 33 40 41 43,2 3,,archive
3309,2013-04-06,19 20 21 23 25 43,2 8,,archive
3311,2013-04-13,2 4 6 9 37 44,18 23,,archive
3313,2013-04-20,7 10 28 34 41 44,8 14,,archive
3315,2013-04-27,8 15 18 33 40 43,14 25,,archive
3317,2013-05-04,2 12 13 20 30 35,1 7,,archive
3319,2013-05-11,16 30 32 35 38 41,39 45,,archive
3321,2013-05-18,3 6 14 16 25 31,9 35,,archive
3323,2013-05-25,1 15 16 20 31 36,2 38,,archive
3325,2013-06-01,12 15 30 37 40 44,16 45,,archive
3327,2013-06-08,7 8 10 25 28 42,35 39,,archive
3329,2013-06-15,1 4 15 16 17 21,40 42,,archive
3331,2013-06-22,13 17 18 20 21 43,5 36,,archive
3333,2013-06-29,11 22 25 26 31 42,1 8,,archive
3335,2013-07-06,3 8 19 26 29 43,7 11,,archive
3337,2013-07-13,5 9 14 27 37 40,18 38,,archive
3339,2013-07-20,1 3 9 12 22 29,18 37,,archive
3341,2013-07-27,6 25 27 29 38 41,43 45,,archive
3343,2013-08-03,1 14 24 26 30 37,10 20,,archive
3345,2013-08-10,8 18 21 23 27 37,6 22,,archive
3347,2013-08-17,5 27 33 35 42 45,4 16,,archive
3349,2013-08-24,12 15 16 37 42 45,6 9,,archive
3351,2013-08-31,15 18 26 28 39 41,11 42,,archive
3353,2013-09-07,1 11 12 15 25 36,17 33,,archive
3355,2013-09-14,3 11 20 28 34 40,25 39,,archive
3357,2013-09-21,1 2 5 16 19 42,10 37,,archive
3359,2013-09-28,1 13 21 27 34 37,15 45,,archive
3361,2013-10-05,6 8 11 21 27 31,19 30,,archive
3363,2013-10-12,3 9 33 34 39 41,8 38,,archive
3365,2013-10-19,5 20 27 31 37 42,3 38,,archive
3367,2013-10-26,9 13 16 21 33 44,11 20,,archive
3369,2013-11-02,2 5 23 32 40 43,34 35,,archive
3371,2013-11-09,2 16 20 27 28 32,7 8,,archive
3373,2013-11-16,5 8 15 32 36 39,9 42,,archive
3375,2013-11-23,5 7 20 30 31 39,9 22,,archive
3377,2013-11-30,24 27 30 37 43 45,21 22,,archive
3379,2013-12-07,3 7 28 31 38 41,15 37,,archive
3381,2013-12-14,4 9 14 22 42 45,11 21,,archive
3383,2013-12-21,1 3 10 17 20 35,24 34,,archive
3385,2013-12-28,17 22 24 25 26 40,13 30,,archive
3387,2014-01-04,5 6 10 28 32 40,29 37,,archive
3389,2014-01-11,7 14 23 27 38 40,4 8,,archive
3391,2014-01-18,1 9 10 13 27 39,15 28,,archive
3393,2014-01-25,30 35 36 37 42 43,5 14,,archive
3395,2014-02-01,11 16 32 40 41 45,7 28,,archive
3397,2014-02-08,6 15 17 21 22 42,18 30,,archive
3399,2014-02-15,6 27 28 32 39 40,1 34,,archive
3401,2014-02-22,8 12 15 25 26 45,23 28,,archive
3403,2014-03-01,4 13 33 35 39 45,14 29,,archive
3405,2014-03-08,3 19 27 38 40 42,12 17,,archive
3407,2014-03-15,13 33 36 38 39 43,20 41,,archive
3409,2014-03-22,4 12 18 19 29 33,17 43,,archive
3411,2014-03-29,10 21 22 26 29 41,25 27,,archive
3413,2014-04-05,1 22 24 29 36 39,6 45,,archive
3415,2014-04-12,13 18 20 21 28 45,23 41,,archive
3417,2014-04-19,3 7 17 23 25 26,10 15,,archive
3419,2014-04-26,12 20 24 32 39 45,3 29,,archive
3421,2014-05-03,1 12 14 19 37 41,7 23,,archive
3423,2014-05-10,10 13 16 22 39 45,2 9,,archive
3425,2014-05-17,8 9 22 25 36 42,28 33,,archive
3427,2014-05-24,11 13 28 37 43 45,26 27,,archive
3429,2014-05-31,1 13 20 26 37 45,22 27,,archive
3431,2014-06-07,1 19 20 36 38 41,10 29,,archive
3433,2014-06-14,11 13 16 19 27 35,24 36,,archive
3435,2014-06-21,1 12 28 31 32 34,8 24,,archive
3437,2014-06-28,1 17 20 40 42 44,5 30,,archive
3439,2014-07-05,5 7 14 20 31 39,18 27,,archive
3441,2014-07-12,1 3 15 19 42 44,36 37,,archive
3443,2014-07-19,4 8 13 27 28 42,6 26,,archive
3445,2014-07-26,5 7 12 28 40 45,20 37,,archive
3447,2014-08-02,7 10 12 26 30 36,15 32,,archive
3449,2014-08-09,23 26 27 30 31 41,16 38,,archive
3451,2014-08-16,2 3 15 16 18 24,25 31,,archive
3453,2014-08-23,11 29 30 40 41 43,2 4,,archive
3455,2014-08-30,2 14 24 37 40 44,18 33,,archive
3457,2014-09-06,4 10 17 27 34 43,18 26,,archive
3459,2014-09-13,1 5 10 14 29 33,9 22,,archive
3461,2014-09-20,1 12 22 27 38 40,20 32,,archive
3463,2014-09-27,1 6 16 20 25 36,24 33,,archive
3465,2014-10-04,6 20 22 29 32 44,38 41,,archive
3467,2014-10-11,3 11 13 21 42 44,26 32,,archive
3469,2014-10-18,5 7 8 9 27 34,23 31,,archive
3471,2014-10-25,11 12 17 36 38 44,9 31,,archive
3473,2014-11-01,9 15 21 24 30 42,1 2,,archive
3475,2014-11-08,16 19 20 22 27 35,23 24,,archive
3477,2014-11-15,4 9 13 37 42 43,1 23,,archive
3479,2014-11-22,1 5 14 23 31 42,10 44,,archive
3481,2014-11-29,18 28 31 36 41 42,13 27,,archive
3483,2014-12-06,1 5 13 36 38 39,4 23,,archive
3485,2014-12-13,6 11 16 17 21 44,18 40,,archive
3487,2014-12-20,6 8 9 19 21 41,2 34,,archive
3489,2014-12-27,7 16 20 33 39 43,3 41,,archive
3491,2015-01-03,18 21 35 38 39 43,13 27,,archive
3493,2015-01-10,4 19 24 25 27 34,33 41,,archive
3495,2015-01-17,1 10 16 30 33 41,28 32,,archive
3497,2015-01-24,10 12 30 34 42 44,1 32,,archive
3499,2015-01-31,9 15 19 26 33 36,4 45,,archive
3501,2015-02-07,9 19 30 33 41 44,35 36,,archive
3503,2015-02-14,16 22 24 35 37 42,29 36,,archive
3505,2015-02-21,5 10 11 24 39 41,3 18,,archive
3507,2015-02-28,1 11 14 33 37 45,22 41,,archive
3509,2015-03-07,3 6 24 40 41 44,25 26,,archive
3511,2015-03-14,7 9 17 26 42 43,24 29,,archive
3513,2015-03-21,2 11 12 16 24 39,42 43,,archive
3515,2015-03-28,13 16 17 18 25 29,26 27,,archive
3517,2015-04-04,1 24 34 40 44 45,16 20,,archive
3519,2015-04-11,3 7 13 21 24 30,4 27,,archive
3521,2015-04-18,4 14 16 18 26 27,5 10,,archive
3523,2015-04-25,5 7 12 20 29 42,11 30,,archive
3525,2015-05-02,6 15 18 23 35 43,16 44,,archive
3527,2015-05-09,4 13 27 29 31 32,34 36,,archive
3529,2015-05-16,10 15 16 26 30 45,12 21,,archive
3531,2015-05-23,1 2 31 38 39 45,26 34,,archive
3533,2015-05-30,16 20 23 36 38 43,13 19,,archive
3535,2015-06-06,15 29 31 32 33 39,12 22,,archive
3537,2015-06-13,8 20 36 38 43 45,16 29,,archive
3539,2015-06-20,8 10 22 27 39 44,20 25,,archive
3541,2015-06-27,15 17 29 30 32 39,21 41,,archive
3543,2015-07-04,8 15 25 30 31 44,4 14,,archive
3545,2015-07-11,14 23 24 28 41 45,5 43,,archive
3547,2015-07-18,3 11 13 29 38 42,15 19,,archive
3549,2015-07-25,7 8 13 20 23 32,26 34,,archive
3551,2015-08-01,6 10 15 16 17 29,18 33,,archive
3553,2015-08-08,1 13 24 28 29 33,14 20,,archive
3555,2015-08-15,6 12 23 26 28 36,27 43,,archive
3557,2015-08-22,4 13 18 27 30 36,5 32,,archive
3559,2015-08-29,11 18 26 27 37 39,5 30,,archive
3561,2015-09-05,5 13 27 31 37 42,18 30,,archive
3563,2015-09-12,16 17 21 29 38 42,11 27,,archive
3565,2015-09-19,4 5 16 29 32 44,19 37,,archive
3567,2015-09-26,5 12 13 17 22 26,4 44,,archive
3569,2015-10-03,3 6 7 21 22 43,14 39,,archive
3571,2015-10-10,1 5 7 8 15 39,30 34,,archive
3573,2015-10-17,2 7 10 13 23 24,8 21,,archive
3575,2015-10-24,1 15 18 29 37 40,8 30,,archive
3577,2015-10-31,10 14 19 20 27 37,13 29,,archive
3579,2015-11-07,4 6 17 31 38 39,23 37,,archive
3581,2015-11-14,6 10 21 28 37 42,14 39,,archive
3583,2015-11-21,6 9 10 11 35 37,15 31,,archive
3585,2015-11-28,1 9 17 18 24 34,26 36,,archive
3587,2015-12-05,15 18 28 32 40 42,7 14,,archive
3589,2015-12-12,6 7 8 11 31 40,22 30,,archive
3591,2015-12-19,3 6 11 24 33 34,1 4,,archive
3593,2015-12-26,5 9 25 34 35 36,29 42,,archive
3595,2016-01-02,3 10 31 40 44 45,37 38,,archive
3597,2016-01-09,2 18 20 25 30 36,5 11,,archive
3599,2016-01-16,1 3 11 13 22 24,29 30,,archive
3601,2016-01-23,20 24 33 41 44 45,12 29,,archive
3603,2016-01-30,5 20 25 28 29 45,21 30,,archive
3605,2016-02-06,4 26 33 39 40 43,32 41,,archive
3607,2016-02-13,2 8 25 27 28 43,6 32,,archive
3609,2016-02-20,5 17 22 26 30 42,19 36,,archive
3611,2016-02-27,3 5 18 21 22 38,27 45,,archive
3613,2016-03-05,2 11 20 26 39 45,19 33,,archive
3615,2016-03-12,1 3 8 16 28 37,5 30,,archive
3617,2016-03-19,8 10 16 24 28 31,2 4,,archive
3619,2016-03-26,5 9 17 24 32 43,21 31,,archive
3621,2016-04-02,7 11 12 23 29 36,9 33,,archive
3623,2016-04-09,3 6 18 21 23 41,16 30,,archive
3625,2016-04-16,1 3 11 29 36 42,26 33,,archive
3627,2016-04-23,3 10 27 32 34 36,20 26,,archive
3629,2016-04-30,2 20 22 24 27 30,10 26,,archive
3631,2016-05-07,1 3 14 24 31 35,8 17,,archive
3633,2016-05-14,4 10 13 21 33 34,14 30,,archive
3635,2016-05-21,5 11 13 14 37 39,12 32,,archive
3637,2016-05-28,1 21 34 35 37 42,11 26,,archive
3639,2016-06-04,3 12 26 27 38 43,16 44,,archive
3641,2016-06-11,4 10 25 32 39 45,22 26,,archive
3643,2016-06-18,1 2 13 20 39 44,4 7,,archive
3645,2016-06-25,4 7 10 17 28 31,12 23,,archive
3647,2016-07-02,5 12 16 20 31 41,10 29,,archive
3649,2016-07-09,13 17 21 25 33 38,11 18,,archive
3651,2016-07-16,1 3 7 12 24 32,2 10,,archive
3653,2016-07-23,4 7 10 15 22 32,6 38,,archive
3655,2016-07-30,27 32 33 37 40 45,22 38,,archive
3657,2016-08-06,6 12 15 19 23 31,8 22,,archive
3659,2016-08-13,11 14 16 37 41 45,1 32,,archive
3661,2016-08-20,8 16 23 34 42 45,3 44,,archive
3663,2016-08-27,4 5 13 18 25 34,23 31,,archive
3665,2016-09-03,7 23 28 32 36 40,39 41,,archive
3667,2016-09-10,5 7 9 13 18 27,25 42,,archive
3669,2016-09-17,3 8 9 12 18 27,4 39,,archive
3671,2016-09-24,11 12 18 25 34 45,13 37,,archive
3673,2016-10-01,6 14 22 26 35 37,10 31,,archive
3675,2016-10-08,2 3 6 21 26 38,22 35,,archive
3677,2016-10-15,2 8 21 22 31 40,28 30,,archive
3679,2016-10-22,16 22 35 37 39 42,29 43,,archive
3681,2016-10-29,15 20 23 33 39 42,22 36,,archive
3683,2016-11-05,9 23 24 34 38 43,13 37,,archive
3685,2016-11-12,1 3 12 18 22 38,34 40,,archive
3687,2016-11-19,1 12 14 16 24 40,20 31,,archive
3689,2016-11-26,18 19 27 29 38 45,32 35,,archive
3691,2016-12-03,10 11 18 26 39 44,15 16,,archive
3693,2016-12-10,5 20 25 33 34 36,27 42,,archive
3695,2016-12-17,8 17 18 29 36 42,11 33,,archive
3697,2016-12-24,4 5 9 24 34 39,15 29,,archive
3699,2016-12-31,4 11 16 18 31 40,17 38,,archive
3701,2017-01-07,7 19 20 22 40 41,5 35,,archive
3703,2017-01-14,9 12 21 22 30 41,20 27,,archive
3705,2017-01-21,14 17 30 37 41 43,5 38,,archive
3707,2017-01-28,6 10 19 28 37 40,8 33,,archive
3709,2017-02-04,4 16 22 34 36 38,3 26,,archive
3711,2017-02-11,3 18 41 42 43 45,2 21,,archive
3713,2017-02-18,21 25 28 30 33 37,3 36,,archive
3715,2017-02-25,7 22 29 33 36 44,5 45,,archive
3717,2017-03-04,9 12 15 18 28 34,1 44,,archive
3719,2017-03-11,1 10 15 31 36 39,11 32,,archive
3721,2017-03-18,1 10 15 23 36 43,2 34,,archive
3723,2017-03-25,16 20 23 28 35 39,4 27,,archive
3725,2017-04-01,16 20 24 32 34 37,4 45,,archive
3727,2017-04-08,3 7 25 27 32 38,21 28,,archive
3729,2017-04-15,3 15 26 32 40 44,16 41,,archive
3731,2017-04-22,11 13 18 21 24 30,15 27,,archive
3733,2017-04-29,3 10 23 29 34 37,1 24,,archive
3735,2017-05-06,8 9 16 26 39 41,28 31,,archive
3737,2017-05-13,1 16 21 30 35 40,2 7,,archive
3739,2017-05-20,6 10 11 15 29 33,5 25,,archive
3741,2017-05-27,15 17 18 24 42 45,35 36,,archive
3743,2017-06-03,9 21 27 30 32 35,20 31,,archive
3745,2017-06-10,12 14 20 22 24 44,6 32,,archive
3747,2017-06-17,5 19 25 30 33 34,1 2,,archive
3749,2017-06-24,1 5 13 29 32 43,38 40,,archive
3751,2017-07-01,6 10 18 19 32 36,1 13,,archive
3753,2017-07-08,11 18 22 24 26 33,19 28,,archive
3755,2017-07-15,1 11 22 25 41 44,9 23,,archive
3757,2017-07-22,11 22 27 32 42 44,7 39,,archive
3759,2017-07-29,28 30 31 34 42 43,4 25,,archive
3761,2017-08-05,1 7 11 20 21 32,22 26,,archive
3763,2017-08-12,7 11 14 16 26 45,34 35,,archive
3765,2017-08-19,3 9 23 30 39 45,7 17,,archive
3767,2017-08-26,11 15 20 27 38 45,18 42,,archive
3769,2017-09-02,16 17 21 22 23 44,2 30,,archive
3771,2017-09-09,12 21 28 35 40 42,4 9,,archive
3773,2017-09-16,5 10 20 29 41 45,7 26,,archive
3775,2017-09-23,6 8 13 40 44 45,2 16,,archive
3777,2017-09-30,1 19 20 22 32 34,3 33,,archive
3779,2017-10-07,7 13 15 18 31 34,17 27,,archive
3781,2017-10-14,6 13 18 25 34 39,9 42,,archive
3783,2017-10-21,13 22 30 34 42 45,39 44,,archive
3785,2017-10-28,1 13 17 38 40 44,22 31,,archive
3787,2017-11-04,4 7 17 22 26 30,41 44,,archive
3789,2017-11-11,18 19 27 30 38 43,16 21,,archive
3791,2017-11-18,6 19 26 28 40 42,33 36,,archive
3793,2017-11-25,4 6 18 31 36 44,1 10,,archive
3795,2017-12-02,8 14 16 23 25 44,2 9,,archive
3797,2017-12-09,14 17 28 30 34 36,44 45,,archive
3799,2017-12-16,1 5 26 28 39 45,12 44,,archive
3801,2017-12-23,8 11 13 21 23 34,24 42,,archive
3803,2017-12-30,6 9 27 30 35 37,4 14,,archive
3805,2018-01-06,3 12 31 32 35 44,13 14,,archive
3807,2018-01-13,1 6 16 19 36 45,5 11,,archive
3809,2018-01-20,2 5 9 14 31 34,7 13,,archive
3811,2018-01-27,1 4 7 11 32 40,26 29,,archive
3813,2018-02-03,11 12 13 23 24 27,22 31,,archive
3815,2018-02-10,2 7 16 23 27 44,25 28,,archive
3817,2018-02-17,3 8 13 30 31 35,17 25,,archive
3819,2018-02-24,1 5 14 15 19 30,20 28,,archive
3821,2018-03-03,2 21 29 35 36 45,40 44,,archive
3823,2018-03-10,2 4 22 31 34 44,25 27,,archive
3825,2018-03-17,26 32 33 35 38 41,27 45,,archive
3827,2018-03-24,10 19 23 30 33 39,17 34,,archive
3829,2018-03-31,8 15 23 27 43 44,11 35,,archive
3831,2018-04-07,6 7 8 17 23 35,29 30,,archive
3833,2018-04-14,7 9 10 17 18 38,20 35,,archive
3835,2018-04-21,11 12 17 31 42 44,3 19,,archive
3837,2018-04-28,13 29 33 35 38 43,15 41,,archive
3839,2018-05-05,10 22 28 34 42 45,3 11,,archive
3841,2018-05-12,6 12 14 17 31 38,32 34,,archive
3843,2018-05-19,6 9 21 33 39 42,19 40,,archive
3845,2018-05-26,10 21 25 29 38 40,7 22,,archive
3847,2018-06-02,7 14 17 19 24 37,2 23,,archive
3849,2018-06-09,7 10 22 25 26 36,30 43,,archive
3851,2018-06-16,2 8 12 22 26 45,1 38,,archive
3853,2018-06-23,9 10 18 31 35 41,16 26,,archive
3855,2018-06-30,1 14 20 25 26 40,3 24,,archive
3857,2018-07-07,1 6 18 23 29 43,3 35,,archive
3859,2018-07-14,6 11 12 32 40 45,10 20,,archive
3861,2018-07-21,2 4 14 15 16 24,18 33,,archive
3863,2018-07-28,21 27 29 31 37 40,6 11,,archive
3865,2018-08-04,12 14 24 25 35 38,36 39,,archive
3867,2018-08-11,1 8 15 20 23 44,11 18,,archive
3869,2018-08-18,6 17 19 26 37 38,2 10,,archive
3871,2018-08-25,5 15 18 29 31 35,9 36,,archive
3873,2018-09-01,5 10 14 16 36 43,18 19,,archive
3875,2018-09-08,19 22 24 25 42 43,4 14,,archive
3877,2018-09-15,1 3 7 15 44 45,26 34,,archive
3879,2018-09-22,9 21 26 29 32 44,2 28,,archive
3881,2018-09-29,2 9 10 13 16 25,17 19,,archive
3883,2018-10-06,1 2 7 22 34 40,15 26,,archive
3885,2018-10-13,3 6 10 34 37 40,15 18,,archive
3887,2018-10-20,5 14 15 38 42 45,8 22,,archive
3889,2018-10-27,9 13 16 17 32 37,6 14,,archive
3891,2018-11-03,3 5 12 14 35 36,15 42,,archive
3893,2018-11-10,1 21 22 23 38 44,17 20,,archive
3895,2018-11-17,6 18 19 26 30 31,16 25,,archive
3897,2018-11-24,7 10 20 24 29 37,32 42,,archive
3899,2018-12-01,5 24 25 27 31 38,18 20,,archive
3901,2018-12-08,2 6 23 25 26 43,7 9,,archive
3903,2018-12-15,23 28 32 33 35 39,5 42,,archive
3905,2018-12-22,5 9 14 29 41 43,15 37,,archive
3907,2018-12-29,2 9 17 30 33 39,22 41,,archive
3909,2019-01-05,3 18 20 24 26 34,32 42,,archive
3911,2019-01-12,5 11 15 23 35 45,17 43,,archive
3913,2019-01-19,8 10 11 15 26 45,28 37,,archive
3915,2019-01-26,8 18 19 36 38 42,4 39,,archive
3917,2019-02-02,1 5 12 21 24 45,2 15,,archive
3919,2019-02-09,9 11 13 16 17 21,33 38,,archive
3921,2019-02-16,18 19 26 27 38 43,15 22,,archive
3923,2019-02-23,13 19 20 21 25 37,27 33,,archive
3925,2019-03-02,5 10 38 39 40 43,4 24,,archive
3927,2019-03-09,16 17 21 27 29 43,37 40,,archive
3929,2019-03-16,1 8 12 15 31 42,32 36,,archive
3931,2019-03-23,9 29 32 33 37 39,11 27,,archive
3933,2019-03-30,5 8 26 27 31 33,11 22,,archive
3935,2019-04-06,4 8 10 12 38 39,6 13,,archive
3937,2019-04-13,16 18 19 21 22 25,4 41,,archive
3939,2019-04-20,9 14 16 18 20 36,7 19,,archive
3941,2019-04-27,1 16 21 26 39 41,2 6,,archive
3943,2019-05-04,7 8 23 24 27 33,15 41,,archive
3945,2019-05-11,17 27 28 32 34 44,8 22,,archive
3947,2019-05-18,2 6 8 36 39 45,5 13,,archive
3949,2019-05-25,1 11 18 29 35 44,28 38,,archive
3951,2019-06-01,6 9 20 25 27 31,2 36,,archive
3953,2019-06-08,1 22 24 36 39 42,12 41,,archive
3955,2019-06-15,8 18 24 39 41 42,5 16,,archive
3957,2019-06-22,5 10 11 12 29 41,13 21,,archive
3959,2019-06-29,5 14 21 33 35 42,7 40,,archive
3961,2019-07-06,15 18 23 30 41 44,1 5,,archive
3963,2019-07-13,5 16 18 22 36 41,1 7,,archive
3965,2019-07-20,2 8 12 18 30 42,14 39,,archive
3967,2019-07-27,11 13 23 27 35 38,5 8,,archive
3969,2019-08-03,3 5 28 32 38 44,25 27,,archive
3971,2019-08-10,1 6 9 37 38 39,11 45,,archive
3973,2019-08-17,6 19 23 24 28 35,29 38,,archive
3975,2019-08-24,4 9 10 11 32 33,23 29,,archive
3977,2019-08-31,7 14 15 17 36 41,20 24,,archive
3979,2019-09-07,1 8 10 14 23 36,7 15,,archive
3981,2019-09-14,7 20 27 38 39 41,9 43,,archive
3983,2019-09-21,14 29 32 33 40 43,12 24,,archive
3985,2019-09-28,4 11 18 20 22 41,12 44,,archive
3987,2019-10-05,4 12 20 33 34 36,10 23,,archive
3989,2019-10-12,6 8 16 17 27 33,26 28,,archive
3991,2019-10-19,18 21 26 39 41 43,33 35,,archive
3993,2019-10-26,2 7 28 29 31 45,6 38,,archive
3995,2019-11-02,1 2 10 12 21 42,13 40,,archive
3997,2019-11-09,1 10 25 27 28 36,14 18,,archive
3999,2019-11-16,11 22 28 31 32 34,14 21,,archive
4001,2019-11-23,7 14 25 30 37 45,6 34,,archive
4003,2019-11-30,10 16 20 22 30 38,14 42,,archive
4005,2019-12-07,1 13 16 25 30 32,17 22,,archive
4007,2019-12-14,1 9 31 34 39 40,17 37,,archive
4009,2019-12-21,18 23 28 30 35 37,4 33,,archive
4011,2019-12-28,1 13 19 31 37 39,5 33,,archive
4013,2020-01-04,11 16 33 38 40 42,12 45,,archive
4015,2020-01-11,11 17 18 20 37 41,15 36,,archive
4017,2020-01-18,3 10 12 24 34 35,38 40,,archive
4019,2020-01-25,10 17 19 24 36 38,22 40,,archive
4021,2020-02-01,1 10 17 24 29 33,5 26,,archive
4023,2020-02-08,17 19 24 36 38 44,2 39,,archive
4025,2020-02-15,3 4 11 21 24 39,34 40,,archive
4027,2020-02-22,8 11 15 16 23 29,7 25,,archive
4029,2020-02-29,3 12 29 30 31 38,22 45,,archive
4031,2020-03-07,3 7 28 33 34 40,1 38,,archive
4033,2020-03-14,8 13 27 40 41 42,3 4,,archive
4035,2020-03-21,10 19 26 27 31 33,9 43,,archive
4037,2020-03-28,3 7 10 16 37 43,20 23,,archive
4039,2020-04-04,11 19 22 33 36 39,7 18,,archive
4041,2020-04-11,5 10 11 14 26 27,35 37,,archive
4043,2020-04-18,23 24 29 39 40 41,5 37,,archive
4045,2020-04-25,3 15 17 23 34 38,18 31,,archive
4047,2020-05-02,10 14 16 18 31 43,4 35,,archive
4049,2020-05-09,7 21 22 35 38 39,34 44,,archive
4051,2020-05-16,4 11 16 17 19 26,15 25,,archive
4053,2020-05-23,1 21 25 30 32 45,31 38,,archive
4055,2020-05-30,3 15 19 22 25 44,1 42,,archive
4057,2020-06-06,3 10 18 19 22 27,41 42,,archive
4059,2020-06-13,3 17 29 32 34 38,12 28,,archive
4061,2020-06-20,9 11 17 19 22 29,14 21,,archive
4063,2020-06-27,15 19 24 28 35 41,23 30,,archive
4065,2020-07-04,17 31 33 35 39 42,36 41,,archive
4067,2020-07-11,22 26 27 29 32 38,30 42,,archive
4069,2020-07-18,2 18 21 22 35 43,10 37,,archive
4071,2020-07-25,6 9 16 32 37 44,11 12,,archive
4073,2020-08-01,8 9 23 29 38 42,13 17,,archive
4075,2020-08-08,1 11 17 18 34 42,19 43,,archive
4077,2020-08-15,13 16 29 34 35 41,12 45,,archive
4079,2020-08-22,2 7 9 16 33 43,20 34,,archive
4081,2020-08-29,13 16 20 25 40 44,4 28,,archive
4083,2020-09-05,2 3 13 32 37 38,29 36,,archive
4085,2020-09-12,12 27 28 31 36 39,6 24,,archive
4087,2020-09-19,1 8 14 23 26 41,12 33,,archive
4089,2020-09-26,1 7 22 28 36 42,11 14,,archive
4091,2020-10-03,3 11 21 24 29 38,36 40,,archive
4093,2020-10-10,5 12 24 26 34 37,2 3,,archive
4095,2020-10-17,5 8 12 14 16 38,3 17,,archive
4097,2020-10-24,3 23 30 31 38 45,19 40,,archive
4099,2020-10-31,4 13 19 26 27 34,6 15,,archive
4101,2020-11-07,1 3 7 8 15 35,5 10,,archive
4103,2020-11-14,6 15 23 26 27 45,2 29,,archive
4105,2020-11-21,2 21 27 37 39 42,7 11,,archive
4107,2020-11-28,10 18 20 34 35 37,7 41,,archive
4109,2020-12-05,1 9 11 24 32 41,15 38,,archive
4111,2020-12-12,14 16 35 38 40 43,1 33,,archive
4113,2020-12-19,9 16 26 35 39 41,13 33,,archive
4115,2020-12-26,2 5 11 21 30 32,25 42,,archive
4117,2021-01-02,5 7 14 16 17 44,26 31,,archive
4119,2021-01-09,7 9 20 22 34 45,10 12,,archive
4121,2021-01-16,4 12 14 17 22 33,25 28,,archive
4123,2021-01-23,1 6 8 10 29 40,31 42,,archive
4125,2021-01-30,3 6 15 20 30 31,2 26,,archive
4127,2021-02-06,3 6 8 10 12 24,36 45,,archive
4129,2021-02-13,1 3 4 22 42 43,24 25,,archive
4131,2021-02-20,3 5 9 26 35 41,28 45,,archive
4133,2021-02-27,4 6 24 35 42 45,36 38,,archive
4135,2021-03-06,11 16 26 32 39 42,6 30,,archive
4137,2021-03-13,15 17 22 27 37 40,2 4,,archive
4139,2021-03-20,8 9 13 19 22 32,15 25,,archive
4141,2021-03-27,2 4 12 23 24 35,15 37,,archive
4143,2021-04-03,1 21 31 38 39 41,6 43,,archive
4145,2021-04-10,7 8 20 22 26 42,14 16,,archive
4147,2021-04-17,5 13 17 33 38 44,22 35,,archive
4149,2021-04-24,2 4 8 31 32 44,35 36,,archive
4151,2021-05-01,5 14 18 22 31 42,1 8,,archive
4153,2021-05-08,2 4 9 26 31 41,18 25,,archive
4155,2021-05-15,5 15 16 19 20 41,4 21,,archive
4157,2021-05-22,6 7 9 13 23 27,1 33,,archive
4159,2021-05-29,2 7 16 28 30 42,22 35,,archive
4161,2021-06-05,1 11 24 32 33 44,20 35,,archive
4163,2021-06-12,5 13 15 28 37 45,1 43,,archive
4165,2021-06-19,12 14 30 34 40 41,15 27,,archive
4167,2021-06-26,1 24 26 32 34 36,7 27,,archive
4169,2021-07-03,2 7 27 33 37 42,10 20,,archive
4171,2021-07-10,22 23 28 30 34 38,16 20,,archive
4173,2021-07-17,2 14 30 32 35 38,10 45,,archive
4175,2021-07-24,12 16 26 27 30 40,13 15,,archive
4177,2021-07-31,13 16 18 32 33 41,9 19,,archive
4179,2021-08-07,5 11 12 22 28 36,1 9,,archive
4181,2021-08-14,3 9 13 19 24 28,29 35,,archive
4183,2021-08-21,6 19 34 35 40 43,22 45,,archive
4185,2021-08-28,17 19 21 22 23 30,32 43,,archive
4187,2021-09-04,14 29 31 33 44 45,19 26,,archive
4189,2021-09-11,8 10 17 23 26 34,36 41,,archive
4191,2021-09-18,5 6 15 18 36 43,24 29,,archive
4193,2021-09-25,6 28 29 33 36 40,26 43,,archive
4195,2021-10-02,13 17 26 28 33 44,18 38,,archive
4197,2021-10-09,18 22 24 34 40 42,19 37,,archive
4199,2021-10-16,2 7 17 26 27 38,1 19,,archive
4201,2021-10-23,9 10 16 22 26 32,17 38,,archive
4203,2021-10-30,4 16 26 29 30 32,37 43,,archive
4205,2021-11-06,11 15 28 30 33 39,19 35,,archive
4207,2021-11-13,17 22 26 29 32 40,12 21,,archive
4209,2021-11-20,9 17 20 21 25 33,4 19,,archive
4211,2021-11-27,3 5 27 34 41 45,10 24,,archive
4213,2021-12-04,8 24 31 39 44 45,21 41,,archive
4215,2021-12-11,6 12 27 35 37 39,2 19,,archive
4217,2021-12-18,1 19 25 29 36 44,21 35,,archive
4219,2021-12-25,6 19 21 30 31 42,15 38,,archive
4221,2021-12-31,8 14 15 20 32 43,31 35,,archive
4223,2022-01-08,3 17 20 24 27 29,9 18,,archive
4225,2022-01-15,3 11 19 33 38 42,13 39,,archive
4227,2022-01-22,1 12 14 21 39 43,19 32,,archive
4229,2022-01-29,8 9 22 23 34 40,13 17,,archive
4231,2022-02-05,2 9 10 11 22 37,6 40,,archive
4233,2022-02-12,13 35 36 37 42 43,5 15,,archive
4235,2022-02-19,1 5 18 20 23 34,9 35,,archive
4237,2022-02-26,3 7 16 23 26 34,17 35,,archive
4239,2022-03-05,2 16 18 19 30 40,9 28,,archive
4241,2022-03-12,4 29 35 37 40 41,21 27,,archive
4243,2022-03-19,10 24 32 34 38 43,6 25,,archive
4245,2022-03-26,2 8 13 21 22 33,10 27,,archive
4247,2022-04-02,1 4 6 15 21 27,19 41,,archive
4249,2022-04-09,1 8 19 31 35 40,15 38,,archive
4251,2022-04-16,11 12 14 15 23 37,20 42,,archive
4253,2022-04-23,3 23 31 33 39 45,17 20,,archive
4255,2022-04-30,3 8 10 20 36 42,9 45,,archive
4257,2022-05-07,6 7 11 13 17 45,23 43,,archive
4259,2022-05-14,15 20 25 27 35 39,9 21,,archive
4261,2022-05-21,5 9 13 23 38 41,4 43,,archive
4263,2022-05-28,15 17 19 28 32 33,2 24,,archive
4265,2022-06-04,7 8 13 17 23 25,31 42,,archive
4267,2022-06-11,10 11 19 21 39 45,25 35,,archive
4269,2022-06-18,1 11 22 27 34 37,43 44,,archive
4271,2022-06-25,6 16 18 20 25 36,33 39,,archive
4273,2022-07-02,10 15 17 31 37 42,7 11,,archive
4275,2022-07-09,6 23 30 37 43 44,1 45,,archive
4277,2022-07-16,8 11 19 23 35 37,34 42,,archive
4279,2022-07-23,3 20 24 32 38 40,5 31,,archive
4281,2022-07-30,8 12 17 21 26 42,13 35,,archive
4283,2022-08-06,14 15 24 31 33 39,4 40,,archive
4285,2022-08-13,1 15 20 29 35 38,8 31,,archive
4287,2022-08-20,6 16 34 35 37 42,18 40,,archive
4289,2022-08-27,2 3 6 23 41 42,24 39,,archive
4291,2022-09-03,3 6 10 18 21 39,41 43,,archive
4293,2022-09-10,2 8 11 31 32 45,14 41,,archive
4295,2022-09-17,4 7 9 21 23 25,6 11,,archive
4297,2022-09-24,5 7 10 14 34 41,4 44,,archive
4299,2022-10-01,9 20 25 30 32 40,34 35,,archive
4301,2022-10-08,17 20 23 33 37 45,18 22,,archive
4303,2022-10-15,5 7 11 12 24 40,15 28,,archive
4305,2022-10-22,7 17 21 24 35 41,5 23,,archive
4307,2022-10-29,3 6 7 9 22 42,13 16,,archive
4309,2022-11-05,12 19 26 29 39 45,13 15,,archive
4311,2022-11-12,3 6 12 18 31 35,9 34,,archive
4313,2022-11-19,9 12 14 23 31 43,13 29,,archive
4315,2022-11-26,12 14 22 29 31 45,11 36,,archive
4317,2022-12-03,4 8 10 12 15 39,37 45,,archive
4319,2022-12-10,6 14 22 24 35 44,10 39,,archive
4321,2022-12-17,3 8 28 36 37 41,9 16,,archive
4323,2022-12-24,4 7 8 24 32 39,17 34,,archive
4325,2022-12-31,11 20 23 35 42 45,8 38,,archive
4327,2023-01-07,2 9 11 17 18 38,37 41,,archive
4329,2023-01-14,11 19 30 37 39 45,3 21,,archive
4331,2023-01-21,9 10 11 23 32 40,5 17,,archive
4333,2023-01-28,7 24 27 30 39 44,5 38,,archive
4335,2023-02-04,11 27 31 34 39 45,5 28,,archive
4337,2023-02-11,4 7 19 20 21 22,16 17,,archive
4339,2023-02-18,8 11 16 24 30 34,18 21,,archive
4341,2023-02-25,4 12 13 15 29 45,2 27,,archive
4343,2023-03-04,1 9 13 32 33 34,8 15,,archive
4345,2023-03-11,1 4 9 10 29 42,7 17,,archive
4347,2023-03-18,1 6 15 21 43 44,34 42,,archive
4349,2023-03-25,8 9 10 14 39 42,12 31,,archive
4351,2023-04-01,5 10 25 36 39 45,8 40,,archive
4353,2023-04-08,4 6 9 11 13 40,18 20,,archive
4355,2023-04-15,4 16 23 31 39 43,17 18,,archive
4357,2023-04-22,4 29 32 34 38 41,11 27,,archive
4359,2023-04-29,4 15 16 18 35 45,11 17,,archive
4361,2023-05-06,2 8 13 17 30 35,5 34,,archive
4363,2023-05-13,6 22 23 24 33 36,18 34,,archive
4365,2023-05-20,2 8 11 12 25 32,16 22,,archive
4367,2023-05-27,7 8 22 28 34 37,1 23,,archive
4369,2023-06-03,1 12 24 26 37 41,25 45,,archive
4371,2023-06-10,2 11 12 23 42 43,7 44,,archive
4373,2023-06-17,8 24 27 36 39 41,22 26,,archive
4375,2023-06-24,4 8 21 29 30 37,38 45,,archive
4377,2023-07-01,6 7 19 21 26 38,13 36,,archive
4379,2023-07-08,5 26 29 34 37 41,31 42,,archive
4381,2023-07-15,18 25 31 32 37 39,12 34,,archive
4383,2023-07-22,1 5 14 26 32 33,8 37,,archive
4385,2023-07-29,3 14 32 37 42 45,17 20,,archive
4387,2023-08-05,1 2 18 24 36 43,9 31,,archive
4389,2023-08-12,5 10 30 32 34 42,19 45,,archive
4391,2023-08-19,14 16 24 34 41 44,21 30,,archive
4393,2023-08-26,6 10 18 32 33 37,21 23,,archive
4395,2023-09-02,9 16 32 37 40 41,26 30,,archive
4397,2023-09-09,7 9 11 14 15 29,17 23,,archive
4399,2023-09-16,11 23 27 28 37 41,1 2,,archive
4401,2023-09-23,4 13 16 21 29 45,6 11,,archive
4403,2023-09-30,6 20 27 29 43 45,9 36,,archive
4405,2023-10-07,18 23 25 28 35 37,8 16,,archive
4407,2023-10-14,7 10 11 23 24 38,4 14,,archive
4409,2023-10-21,2 7 12 29 30 31,9 33,,archive
4411,2023-10-28,12 13 14 18 30 35,2 43,,archive
4413,2023-11-04,1 5 14 15 34 42,40 45,,archive
4415,2023-11-11,1 2 23 24 28 30,29 39,,archive
4417,2023-11-18,7 8 15 16 26 31,6 44,,archive
4419,2023-11-25,17 20 30 36 37 44,4 19,,archive
4421,2023-12-02,10 14 21 22 23 42,7 11,,archive
4423,2023-12-09,9 11 25 32 33 44,2 20,,archive
4425,2023-12-16,8 12 13 17 39 41,27 32,,archive
4427,2023-12-23,1 20 24 31 37 39,19 41,,archive
4429,2023-12-30,2 3 11 23 38 39,22 35,,archive
4431,2024-01-06,12 13 17 34 36 42,38 41,,archive
4433,2024-01-13,8 33 37 39 40 41,2 35,,archive
4435,2024-01-20,11 22 27 33 35 37,1 8,,archive
4437,2024-01-27,5 8 13 24 29 36,15 40,,archive
4439,2024-02-03,3 11 19 22 23 29,20 30,,archive
4441,2024-02-10,1 2 12 13 20 42,3 15,,archive
4443,2024-02-17,7 11 22 25 28 34,32 35,,archive
4445,2024-02-24,16 17 26 38 39 42,32 37,,archive
4447,2024-03-02,5 8 15 18 19 30,7 26,,archive
4449,2024-03-09,2 3 11 17 25 31,15 24,,archive
4451,2024-03-16,3 17 28 35 40 44,26 33,,archive
4453,2024-03-23,1 12 16 17 19 32,27 34,,archive
4455,2024-03-30,9 12 15 42 43 44,18 36,,archive
4457,2024-04-06,5 6 14 36 37 45,28 31,,archive
4459,2024-04-13,1 3 16 18 19 25,7 33,,archive
4461,2024-04-20,6 16 19 25 43 44,4 14,,archive
4463,2024-04-27,1 7 20 26 34 39,8 10,,archive
4465,2024-05-04,5 12 14 26 29 42,9 41,,archive
4467,2024-05-11,17 20 21 31 41 44,18 37,,archive
4469,2024-05-18,9 13 20 26 32 43,14 34,,archive
4471,2024-05-25,8 10 22 35 36 38,11 23,,archive
4473,2024-06-01,5 21 22 28 39 42,13 29,,archive
4475,2024-06-08,3 13 14 24 30 32,33 40,,archive
4477,2024-06-15,12 23 34 36 38 40,8 30,,archive
4479,2024-06-22,2 22 35 37 38 40,9 44,,archive
4481,2024-06-29,10 21 24 30 44 45,28 31,,archive
4483,2024-07-06,3 4 15 20 26 44,7 35,,archive
4485,2024-07-13,1 2 18 21 24 36,14 27,,archive
4487,2024-07-20,17 23 25 29 30 31,6 14,,archive
4489,2024-07-27,4 11 20 27 37 45,10 15,,archive
4491,2024-08-03,10 11 12 13 41 45,28 40,,archive
4493,2024-08-10,4 10 37 38 42 45,15 36,,archive
4495,2024-08-17,1 3 15 23 25 41,11 45,,archive
4497,2024-08-24,5 8 42 43 44 45,24 32,,archive
4499,2024-08-31,4 6 15 20 32 39,1 30,,archive
4501,2024-09-07,7 13 15 16 20 38,26 41,,archive
4503,2024-09-14,6 14 22 32 34 38,19 41,,archive
4505,2024-09-21,6 21 24 29 32 42,25 30,,archive
4507,2024-09-28,15 19 29 34 37 40,6 44,,archive
4509,2024-10-05,13 15 18 24 27 30,26 41,,archive
4511,2024-10-12,2 8 10 21 28 45,27 30,,archive
4513,2024-10-19,5 15 22 26 33 43,4 11,,archive
4515,2024-10-26,1 25 29 35 42 43,19 31,,archive
4517,2024-11-02,1 3 6 10 18 42,5 40,,archive
4519,2024-11-09,5 6 30 37 39 43,17 45,,archive
4521,2024-11-16,5 6 8 29 38 44,1 9,,archive
4523,2024-11-23,3 6 17 25 40 42,7 28,,archive
4525,2024-11-30,8 13 16 30 39 41,28 38,,archive
4527,2024-12-07,1 7 11 13 16 35,5 14,,archive
4529,2024-12-14,6 7 11 21 30 35,13 29,,archive
4531,2024-12-21,9 18 25 27 38 44,7 23,,archive
4533,2024-12-28,4 12 26 29 40 41,31 34,,archive
4535,2025-01-04,8 10 19 23 31 33,13 42,,archive
4537,2025-01-11,6 8 18 19 29 38,15 45,,archive
4539,2025-01-18,7 11 15 19 34 45,32 42,,archive
4541,2025-01-25,8 12 15 21 28 34,3 44,,archive
4543,2025-02-01,1 7 8 12 18 41,16 32,,archive
4545,2025-02-08,6 15 25 35 40 42,20 38,,archive
4547,2025-02-15,8 18 19 31 41 43,9 11,,archive
4549,2025-02-22,2 5 26 28 31 39,7 8,,archive
4551,2025-03-01,3 6 11 12 13 37,2 44,,archive
4553,2025-03-08,2 16 18 28 29 38,4 25,,archive
4555,2025-03-15,3 13 15 16 27 30,19 33,,archive
4557,2025-03-22,11 16 29 34 42 45,14 18,,archive
4559,2025-03-29,1 3 17 21 36 41,24 30,,archive
4561,2025-04-05,3 10 23 27 42 43,6 18,,archive
4563,2025-04-12,3 6 13 17 22 45,29 31,,archive
4565,2025-04-19,10 14 19 21 28 44,23 33,,archive
4567,2025-04-26,1 7 21 32 38 42,13 24,,archive
4569,2025-05-03,16 27 29 30 34 43,2 40,,archive
4571,2025-05-10,1 18 25 35 38 45,4 16,,archive
4573,2025-05-17,9 19 31 37 40 44,5 11,,archive
4575,2025-05-24,5 13 33 35 36 37,10 18,,archive
4577,2025-05-31,5 7 9 23 27 45,13 36,,archive
4579,2025-06-07,11 13 22 26 30 36,24 45,,archive
4581,2025-06-14,1 6 10 17 19 28,14 35,,archive
4583,2025-06-21,1 6 10 24 30 42,16 18,,archive
4585,2025-06-28,21 32 34 39 41 44,16 22,,archive
4587,2025-07-05,4 6 13 14 17 19,1 11,,archive
4589,2025-07-12,9 23 29 35 36 37,20 31,,archive
4591,2025-07-19,7 15 17 22 36 42,9 34,,archive
4593,2025-07-26,2 17 23 40 42 44,27 39,,archive
4595,2025-08-02,1 21 24 40 43 45,9 16,,archive
4597,2025-08-09,4 10 14 40 41 45,3 6,,archive
4599,2025-08-16,1 6 15 18 23 38,24 32,,archive
4601,2025-08-23,2 10 28 33 44 45,8 26,,archive
4603,2025-08-30,4 5 9 10 28 36,2 14,,archive
4605,2025-09-06,6 10 16 21 42 43,23 36,,archive
4607,2025-09-13,2 13 15 18 31 40,26 36,,archive
4609,2025-09-20,5 10 25 26 27 38,15 34,,archive
4611,2025-09-27,4 14 16 25 29 37,6 10,,archive
4613,2025-10-04,2 3 10 16 32 42,11 35,,archive
4615,2025-10-11,9 21 32 33 37 43,17 30,,archive
4617,2025-10-18,7 10 18 19 32 38,28 43,,archive
4619,2025-10-25,13 14 23 29 40 41,1 17,,archive
4621,2025-11-01,13 17 21 28 31 42,15 36,,archive
4623,2025-11-08,1 13 14 16 28 41,34 39,,archive
4625,2025-11-15,1 19 33 36 39 41,20 25,,archive
4627,2025-11-22,7 12 15 31 39 42,5 8,,archive
4629,2025-11-29,5 10 17 22 36 44,3 11,,archive
4631,2025-12-06,5 10 17 33 42 45,31 44,,archive
4633,2025-12-13,6 17 20 28 32 35,25 41,,archive
4635,2025-12-20,8 19 31 32 41 43,6 14,,archive
4637,2025-12-27,3 5 20 26 28 40,22 42,,archive
4639,2026-01-03,9 10 13 19 21 36,2 39,,archive
4641,2026-01-10,1 8 23 25 30 41,32 37,,archive
4643,2026-01-17,8 9 19 35 38 44,23 33,,archive
4645,2026-01-24,8 22 24 28 29 33,19 27,,archive
4647,2026-01-31,9 20 33 34 42 45,7 29,,archive
4649,2026-02-07,3 8 9 27 33 41,15 25,,archive
4651,2026-02-14,3 6 7 12 14 22,20 43,,archive
4653,2026-02-21,4 11 26 30 42 43,27 29,,archive
4655,2026-02-28,7 13 21 31 35 44,30 34,,archive
4657,2026-03-07,16 17 24 33 35 36,6 19,,archive
4659,2026-03-14,14 21 27 34 36 40,5 33,,archive
4661,2026-03-21,11 16 20 27 43 45,22 39,,archive
4663,2026-03-28,1 2 3 25 29 30,15 17,,archive
4665,2026-04-04,2 4 5 13 14 37,21 22,,archive
4667,2026-04-11,8 11 15 32 33 44,35 41,,archive
4669,2026-04-18,3 8 18 39 40 41,13 32,,archive
4671,2026-04-25,3 11 12 14 17 45,21 32,,archive
4673,2026-05-02,9 18 19 29 34 45,8 28,,archive
4675,2026-05-09,2 11 12 17 33 37,36 41,,archive
4677,2026-05-16,3 10 23 32 33 39,37 42,,archive
4679,2026-05-23,11 19 20 28 31 40,1 39,,archive
4681,2026-05-30,8 10 12 19 28 36,3 5,,archive
4683,2026-06-06,10 25 30 31 43 44,4 38,,archive
4685,2026-06-13,12 16 30 31 40 43,25 26,,archive
4687,2026-06-20,3 6 9 14 21 22,20 38,,archive
4689,2026-06-27,15 17 24 28 36 37,12 18,,archive
4691,2026-07-04,4 8 15 32 43 44,22 23,,archive
4693,2026-07-11,13 14 16 21 29 41,10 17,,archive
4695,2026-07-18,5 7 13 24 30 41,23 33,,archive
4697,2026-07-25,2 6 8 12 22 43,13 28,,archive
4699,2026-08-01,3 11 15 30 32 42,38 43,,archive
4701,2026-08-08,6 22 26 28 33 36,12 32,,archive
4703,2026-08-15,2 13 17 25 31 33,1 23,,archive
4705,2026-08-22,1 2 9 11 13 20,28 45,,archive
4707,2026-08-29,17 23 25 27 33 45,26 43,,archive
4709,2026-09-05,5 17 27 38 40 43,2 39,,archive
4711,2026-09-12,3 9 20 27 30 38,4 42,,archive
4713,2026-09-19,1 10 27 32 33 39,13 26,,archive
